Domain,Country,Element,Item,Year,Unit,Value
"Food Balance Sheets","World","Fat supply quantity (g/capita/day)","Grand Total","1961","g/capita/day","47.52"
"Food Balance Sheets","World","Fat supply quantity (g/capita/day)","Grand Total","1962","g/capita/day","48.85"
"Food Balance Sheets","World","Fat supply quantity (g/capita/day)","Grand Total","1963","g/capita/day","49.9"
"Food Balance Sheets","World","Fat supply quantity (g/capita/day)","Grand Total","1964","g/capita/day","50.57"
"Food Balance Sheets","World","Fat supply quantity (g/capita/day)","Grand Total","1965","g/capita/day","51.24"
"Food Balance Sheets","World","Fat supply quantity (g/capita/day)","Grand Total","1966","g/capita/day","51.88"
"Food Balance Sheets","World","Fat supply quantity (g/capita/day)","Grand Total","1967","g/capita/day","52.4"
"Food Balance Sheets","World","Fat supply quantity (g/capita/day)","Grand Total","1968","g/capita/day","52.98"
"Food Balance Sheets","World","Fat supply quantity (g/capita/day)","Grand Total","1969","g/capita/day","52.69"
"Food Balance Sheets","World","Fat supply quantity (g/capita/day)","Grand Total","1970","g/capita/day","53.5"
"Food Balance Sheets","World","Fat supply quantity (g/capita/day)","Grand Total","1971","g/capita/day","53.55"
"Food Balance Sheets","World","Fat supply quantity (g/capita/day)","Grand Total","1972","g/capita/day","53.79"
"Food Balance Sheets","World","Fat supply quantity (g/capita/day)","Grand Total","1973","g/capita/day","53.92"
"Food Balance Sheets","World","Fat supply quantity (g/capita/day)","Grand Total","1974","g/capita/day","54.55"
"Food Balance Sheets","World","Fat supply quantity (g/capita/day)","Grand Total","1975","g/capita/day","54.53"
"Food Balance Sheets","World","Fat supply quantity (g/capita/day)","Grand Total","1976","g/capita/day","55.33"
"Food Balance Sheets","World","Fat supply quantity (g/capita/day)","Grand Total","1977","g/capita/day","55.81"
"Food Balance Sheets","World","Fat supply quantity (g/capita/day)","Grand Total","1978","g/capita/day","57.46"
"Food Balance Sheets","World","Fat supply quantity (g/capita/day)","Grand Total","1979","g/capita/day","58.3"
"Food Balance Sheets","World","Fat supply quantity (g/capita/day)","Grand Total","1980","g/capita/day","59.5"
"Food Balance Sheets","World","Fat supply quantity (g/capita/day)","Grand Total","1981","g/capita/day","60.41"
"Food Balance Sheets","World","Fat supply quantity (g/capita/day)","Grand Total","1982","g/capita/day","60.93"
"Food Balance Sheets","World","Fat supply quantity (g/capita/day)","Grand Total","1983","g/capita/day","61.76"
"Food Balance Sheets","World","Fat supply quantity (g/capita/day)","Grand Total","1984","g/capita/day","62.64"
"Food Balance Sheets","World","Fat supply quantity (g/capita/day)","Grand Total","1985","g/capita/day","64.03"
"Food Balance Sheets","World","Fat supply quantity (g/capita/day)","Grand Total","1986","g/capita/day","64.45"
"Food Balance Sheets","World","Fat supply quantity (g/capita/day)","Grand Total","1987","g/capita/day","65.12"
"Food Balance Sheets","World","Fat supply quantity (g/capita/day)","Grand Total","1988","g/capita/day","66.41"
"Food Balance Sheets","World","Fat supply quantity (g/capita/day)","Grand Total","1989","g/capita/day","67.06"
"Food Balance Sheets","World","Fat supply quantity (g/capita/day)","Grand Total","1990","g/capita/day","67.35"
"Food Balance Sheets","World","Fat supply quantity (g/capita/day)","Grand Total","1991","g/capita/day","66.85"
"Food Balance Sheets","World","Fat supply quantity (g/capita/day)","Grand Total","1992","g/capita/day","67"
"Food Balance Sheets","World","Fat supply quantity (g/capita/day)","Grand Total","1993","g/capita/day","67.29"
"Food Balance Sheets","World","Fat supply quantity (g/capita/day)","Grand Total","1994","g/capita/day","68.56"
"Food Balance Sheets","World","Fat supply quantity (g/capita/day)","Grand Total","1995","g/capita/day","69.35"
"Food Balance Sheets","World","Fat supply quantity (g/capita/day)","Grand Total","1996","g/capita/day","69.69"
"Food Balance Sheets","World","Fat supply quantity (g/capita/day)","Grand Total","1997","g/capita/day","70.4"
"Food Balance Sheets","World","Fat supply quantity (g/capita/day)","Grand Total","1998","g/capita/day","71.31"
"Food Balance Sheets","World","Fat supply quantity (g/capita/day)","Grand Total","1999","g/capita/day","72.38"
"Food Balance Sheets","World","Fat supply quantity (g/capita/day)","Grand Total","2000","g/capita/day","73.55"
"Food Balance Sheets","World","Fat supply quantity (g/capita/day)","Grand Total","2001","g/capita/day","73.41"
"Food Balance Sheets","World","Fat supply quantity (g/capita/day)","Grand Total","2002","g/capita/day","74.36"
"Food Balance Sheets","World","Fat supply quantity (g/capita/day)","Grand Total","2003","g/capita/day","74.95"
"Food Balance Sheets","World","Fat supply quantity (g/capita/day)","Grand Total","2004","g/capita/day","75.82"
"Food Balance Sheets","World","Fat supply quantity (g/capita/day)","Grand Total","2005","g/capita/day","77.14"
"Food Balance Sheets","World","Fat supply quantity (g/capita/day)","Grand Total","2006","g/capita/day","78.45"
"Food Balance Sheets","World","Fat supply quantity (g/capita/day)","Grand Total","2007","g/capita/day","79.82"
"Food Balance Sheets","World","Fat supply quantity (g/capita/day)","Grand Total","2008","g/capita/day","80.14"
"Food Balance Sheets","World","Fat supply quantity (g/capita/day)","Grand Total","2009","g/capita/day","80.91"
"Food Balance Sheets","World","Fat supply quantity (g/capita/day)","Grand Total","2010","g/capita/day","81.74"
"Food Balance Sheets","World","Fat supply quantity (g/capita/day)","Grand Total","2011","g/capita/day","82.41"
"Food Balance Sheets","World","Fat supply quantity (g/capita/day)","Grand Total","2012","g/capita/day","82.83"
"Food Balance Sheets","World","Fat supply quantity (g/capita/day)","Grand Total","2013","g/capita/day","82.76"
"Food Balance Sheets","Africa","Fat supply quantity (g/capita/day)","Grand Total","1961","g/capita/day","39.59"
"Food Balance Sheets","Africa","Fat supply quantity (g/capita/day)","Grand Total","1962","g/capita/day","40.94"
"Food Balance Sheets","Africa","Fat supply quantity (g/capita/day)","Grand Total","1963","g/capita/day","40.89"
"Food Balance Sheets","Africa","Fat supply quantity (g/capita/day)","Grand Total","1964","g/capita/day","40.28"
"Food Balance Sheets","Africa","Fat supply quantity (g/capita/day)","Grand Total","1965","g/capita/day","41.54"
"Food Balance Sheets","Africa","Fat supply quantity (g/capita/day)","Grand Total","1966","g/capita/day","40.4"
"Food Balance Sheets","Africa","Fat supply quantity (g/capita/day)","Grand Total","1967","g/capita/day","41.27"
"Food Balance Sheets","Africa","Fat supply quantity (g/capita/day)","Grand Total","1968","g/capita/day","42.25"
"Food Balance Sheets","Africa","Fat supply quantity (g/capita/day)","Grand Total","1969","g/capita/day","42.78"
"Food Balance Sheets","Africa","Fat supply quantity (g/capita/day)","Grand Total","1970","g/capita/day","42.91"
"Food Balance Sheets","Africa","Fat supply quantity (g/capita/day)","Grand Total","1971","g/capita/day","42.91"
"Food Balance Sheets","Africa","Fat supply quantity (g/capita/day)","Grand Total","1972","g/capita/day","41.81"
"Food Balance Sheets","Africa","Fat supply quantity (g/capita/day)","Grand Total","1973","g/capita/day","42.22"
"Food Balance Sheets","Africa","Fat supply quantity (g/capita/day)","Grand Total","1974","g/capita/day","43.88"
"Food Balance Sheets","Africa","Fat supply quantity (g/capita/day)","Grand Total","1975","g/capita/day","42.93"
"Food Balance Sheets","Africa","Fat supply quantity (g/capita/day)","Grand Total","1976","g/capita/day","43.71"
"Food Balance Sheets","Africa","Fat supply quantity (g/capita/day)","Grand Total","1977","g/capita/day","45.49"
"Food Balance Sheets","Africa","Fat supply quantity (g/capita/day)","Grand Total","1978","g/capita/day","46.02"
"Food Balance Sheets","Africa","Fat supply quantity (g/capita/day)","Grand Total","1979","g/capita/day","46.27"
"Food Balance Sheets","Africa","Fat supply quantity (g/capita/day)","Grand Total","1980","g/capita/day","46.76"
"Food Balance Sheets","Africa","Fat supply quantity (g/capita/day)","Grand Total","1981","g/capita/day","48.05"
"Food Balance Sheets","Africa","Fat supply quantity (g/capita/day)","Grand Total","1982","g/capita/day","47.91"
"Food Balance Sheets","Africa","Fat supply quantity (g/capita/day)","Grand Total","1983","g/capita/day","45.96"
"Food Balance Sheets","Africa","Fat supply quantity (g/capita/day)","Grand Total","1984","g/capita/day","44.85"
"Food Balance Sheets","Africa","Fat supply quantity (g/capita/day)","Grand Total","1985","g/capita/day","46.09"
"Food Balance Sheets","Africa","Fat supply quantity (g/capita/day)","Grand Total","1986","g/capita/day","47.37"
"Food Balance Sheets","Africa","Fat supply quantity (g/capita/day)","Grand Total","1987","g/capita/day","45.45"
"Food Balance Sheets","Africa","Fat supply quantity (g/capita/day)","Grand Total","1988","g/capita/day","46.79"
"Food Balance Sheets","Africa","Fat supply quantity (g/capita/day)","Grand Total","1989","g/capita/day","46.65"
"Food Balance Sheets","Africa","Fat supply quantity (g/capita/day)","Grand Total","1990","g/capita/day","47.38"
"Food Balance Sheets","Africa","Fat supply quantity (g/capita/day)","Grand Total","1991","g/capita/day","47.45"
"Food Balance Sheets","Africa","Fat supply quantity (g/capita/day)","Grand Total","1992","g/capita/day","48.09"
"Food Balance Sheets","Africa","Fat supply quantity (g/capita/day)","Grand Total","1993","g/capita/day","48.1"
"Food Balance Sheets","Africa","Fat supply quantity (g/capita/day)","Grand Total","1994","g/capita/day","48.3"
"Food Balance Sheets","Africa","Fat supply quantity (g/capita/day)","Grand Total","1995","g/capita/day","48.86"
"Food Balance Sheets","Africa","Fat supply quantity (g/capita/day)","Grand Total","1996","g/capita/day","48.37"
"Food Balance Sheets","Africa","Fat supply quantity (g/capita/day)","Grand Total","1997","g/capita/day","49.19"
"Food Balance Sheets","Africa","Fat supply quantity (g/capita/day)","Grand Total","1998","g/capita/day","49.69"
"Food Balance Sheets","Africa","Fat supply quantity (g/capita/day)","Grand Total","1999","g/capita/day","50.38"
"Food Balance Sheets","Africa","Fat supply quantity (g/capita/day)","Grand Total","2000","g/capita/day","49.96"
"Food Balance Sheets","Africa","Fat supply quantity (g/capita/day)","Grand Total","2001","g/capita/day","50.92"
"Food Balance Sheets","Africa","Fat supply quantity (g/capita/day)","Grand Total","2002","g/capita/day","52.14"
"Food Balance Sheets","Africa","Fat supply quantity (g/capita/day)","Grand Total","2003","g/capita/day","52.46"
"Food Balance Sheets","Africa","Fat supply quantity (g/capita/day)","Grand Total","2004","g/capita/day","52.58"
"Food Balance Sheets","Africa","Fat supply quantity (g/capita/day)","Grand Total","2005","g/capita/day","53.57"
"Food Balance Sheets","Africa","Fat supply quantity (g/capita/day)","Grand Total","2006","g/capita/day","53.9"
"Food Balance Sheets","Africa","Fat supply quantity (g/capita/day)","Grand Total","2007","g/capita/day","54.01"
"Food Balance Sheets","Africa","Fat supply quantity (g/capita/day)","Grand Total","2008","g/capita/day","55.09"
"Food Balance Sheets","Africa","Fat supply quantity (g/capita/day)","Grand Total","2009","g/capita/day","53.73"
"Food Balance Sheets","Africa","Fat supply quantity (g/capita/day)","Grand Total","2010","g/capita/day","54.38"
"Food Balance Sheets","Africa","Fat supply quantity (g/capita/day)","Grand Total","2011","g/capita/day","55.16"
"Food Balance Sheets","Africa","Fat supply quantity (g/capita/day)","Grand Total","2012","g/capita/day","54.99"
"Food Balance Sheets","Africa","Fat supply quantity (g/capita/day)","Grand Total","2013","g/capita/day","54.46"
"Food Balance Sheets","Northern America","Fat supply quantity (g/capita/day)","Grand Total","1961","g/capita/day","109.91"
"Food Balance Sheets","Northern America","Fat supply quantity (g/capita/day)","Grand Total","1962","g/capita/day","108.98"
"Food Balance Sheets","Northern America","Fat supply quantity (g/capita/day)","Grand Total","1963","g/capita/day","110.62"
"Food Balance Sheets","Northern America","Fat supply quantity (g/capita/day)","Grand Total","1964","g/capita/day","113.7"
"Food Balance Sheets","Northern America","Fat supply quantity (g/capita/day)","Grand Total","1965","g/capita/day","112.71"
"Food Balance Sheets","Northern America","Fat supply quantity (g/capita/day)","Grand Total","1966","g/capita/day","114.25"
"Food Balance Sheets","Northern America","Fat supply quantity (g/capita/day)","Grand Total","1967","g/capita/day","116.13"
"Food Balance Sheets","Northern America","Fat supply quantity (g/capita/day)","Grand Total","1968","g/capita/day","117.41"
"Food Balance Sheets","Northern America","Fat supply quantity (g/capita/day)","Grand Total","1969","g/capita/day","117.75"
"Food Balance Sheets","Northern America","Fat supply quantity (g/capita/day)","Grand Total","1970","g/capita/day","119.28"
"Food Balance Sheets","Northern America","Fat supply quantity (g/capita/day)","Grand Total","1971","g/capita/day","119.32"
"Food Balance Sheets","Northern America","Fat supply quantity (g/capita/day)","Grand Total","1972","g/capita/day","121.28"
"Food Balance Sheets","Northern America","Fat supply quantity (g/capita/day)","Grand Total","1973","g/capita/day","116.58"
"Food Balance Sheets","Northern America","Fat supply quantity (g/capita/day)","Grand Total","1974","g/capita/day","118.38"
"Food Balance Sheets","Northern America","Fat supply quantity (g/capita/day)","Grand Total","1975","g/capita/day","117.34"
"Food Balance Sheets","Northern America","Fat supply quantity (g/capita/day)","Grand Total","1976","g/capita/day","125.53"
"Food Balance Sheets","Northern America","Fat supply quantity (g/capita/day)","Grand Total","1977","g/capita/day","122.94"
"Food Balance Sheets","Northern America","Fat supply quantity (g/capita/day)","Grand Total","1978","g/capita/day","126.1"
"Food Balance Sheets","Northern America","Fat supply quantity (g/capita/day)","Grand Total","1979","g/capita/day","127.52"
"Food Balance Sheets","Northern America","Fat supply quantity (g/capita/day)","Grand Total","1980","g/capita/day","127.63"
"Food Balance Sheets","Northern America","Fat supply quantity (g/capita/day)","Grand Total","1981","g/capita/day","131.38"
"Food Balance Sheets","Northern America","Fat supply quantity (g/capita/day)","Grand Total","1982","g/capita/day","129.93"
"Food Balance Sheets","Northern America","Fat supply quantity (g/capita/day)","Grand Total","1983","g/capita/day","133.72"
"Food Balance Sheets","Northern America","Fat supply quantity (g/capita/day)","Grand Total","1984","g/capita/day","135.91"
"Food Balance Sheets","Northern America","Fat supply quantity (g/capita/day)","Grand Total","1985","g/capita/day","141.73"
"Food Balance Sheets","Northern America","Fat supply quantity (g/capita/day)","Grand Total","1986","g/capita/day","137.56"
"Food Balance Sheets","Northern America","Fat supply quantity (g/capita/day)","Grand Total","1987","g/capita/day","139.57"
"Food Balance Sheets","Northern America","Fat supply quantity (g/capita/day)","Grand Total","1988","g/capita/day","140.26"
"Food Balance Sheets","Northern America","Fat supply quantity (g/capita/day)","Grand Total","1989","g/capita/day","136.96"
"Food Balance Sheets","Northern America","Fat supply quantity (g/capita/day)","Grand Total","1990","g/capita/day","137.94"
"Food Balance Sheets","Northern America","Fat supply quantity (g/capita/day)","Grand Total","1991","g/capita/day","139.79"
"Food Balance Sheets","Northern America","Fat supply quantity (g/capita/day)","Grand Total","1992","g/capita/day","141.24"
"Food Balance Sheets","Northern America","Fat supply quantity (g/capita/day)","Grand Total","1993","g/capita/day","142.23"
"Food Balance Sheets","Northern America","Fat supply quantity (g/capita/day)","Grand Total","1994","g/capita/day","144.05"
"Food Balance Sheets","Northern America","Fat supply quantity (g/capita/day)","Grand Total","1995","g/capita/day","139.77"
"Food Balance Sheets","Northern America","Fat supply quantity (g/capita/day)","Grand Total","1996","g/capita/day","137.25"
"Food Balance Sheets","Northern America","Fat supply quantity (g/capita/day)","Grand Total","1997","g/capita/day","139.99"
"Food Balance Sheets","Northern America","Fat supply quantity (g/capita/day)","Grand Total","1998","g/capita/day","143.37"
"Food Balance Sheets","Northern America","Fat supply quantity (g/capita/day)","Grand Total","1999","g/capita/day","146.54"
"Food Balance Sheets","Northern America","Fat supply quantity (g/capita/day)","Grand Total","2000","g/capita/day","153.71"
"Food Balance Sheets","Northern America","Fat supply quantity (g/capita/day)","Grand Total","2001","g/capita/day","153.88"
"Food Balance Sheets","Northern America","Fat supply quantity (g/capita/day)","Grand Total","2002","g/capita/day","158.2"
"Food Balance Sheets","Northern America","Fat supply quantity (g/capita/day)","Grand Total","2003","g/capita/day","157.59"
"Food Balance Sheets","Northern America","Fat supply quantity (g/capita/day)","Grand Total","2004","g/capita/day","160.25"
"Food Balance Sheets","Northern America","Fat supply quantity (g/capita/day)","Grand Total","2005","g/capita/day","162.96"
"Food Balance Sheets","Northern America","Fat supply quantity (g/capita/day)","Grand Total","2006","g/capita/day","160.59"
"Food Balance Sheets","Northern America","Fat supply quantity (g/capita/day)","Grand Total","2007","g/capita/day","161.38"
"Food Balance Sheets","Northern America","Fat supply quantity (g/capita/day)","Grand Total","2008","g/capita/day","159.84"
"Food Balance Sheets","Northern America","Fat supply quantity (g/capita/day)","Grand Total","2009","g/capita/day","157.87"
"Food Balance Sheets","Northern America","Fat supply quantity (g/capita/day)","Grand Total","2010","g/capita/day","158.76"
"Food Balance Sheets","Northern America","Fat supply quantity (g/capita/day)","Grand Total","2011","g/capita/day","160.51"
"Food Balance Sheets","Northern America","Fat supply quantity (g/capita/day)","Grand Total","2012","g/capita/day","160.92"
"Food Balance Sheets","Northern America","Fat supply quantity (g/capita/day)","Grand Total","2013","g/capita/day","160.1"
"Food Balance Sheets","South America","Fat supply quantity (g/capita/day)","Grand Total","1961","g/capita/day","48.89"
"Food Balance Sheets","South America","Fat supply quantity (g/capita/day)","Grand Total","1962","g/capita/day","50.81"
"Food Balance Sheets","South America","Fat supply quantity (g/capita/day)","Grand Total","1963","g/capita/day","50"
"Food Balance Sheets","South America","Fat supply quantity (g/capita/day)","Grand Total","1964","g/capita/day","50.45"
"Food Balance Sheets","South America","Fat supply quantity (g/capita/day)","Grand Total","1965","g/capita/day","51.28"
"Food Balance Sheets","South America","Fat supply quantity (g/capita/day)","Grand Total","1966","g/capita/day","53.91"
"Food Balance Sheets","South America","Fat supply quantity (g/capita/day)","Grand Total","1967","g/capita/day","53.37"
"Food Balance Sheets","South America","Fat supply quantity (g/capita/day)","Grand Total","1968","g/capita/day","55.76"
"Food Balance Sheets","South America","Fat supply quantity (g/capita/day)","Grand Total","1969","g/capita/day","55.74"
"Food Balance Sheets","South America","Fat supply quantity (g/capita/day)","Grand Total","1970","g/capita/day","55.08"
"Food Balance Sheets","South America","Fat supply quantity (g/capita/day)","Grand Total","1971","g/capita/day","54.24"
"Food Balance Sheets","South America","Fat supply quantity (g/capita/day)","Grand Total","1972","g/capita/day","54.53"
"Food Balance Sheets","South America","Fat supply quantity (g/capita/day)","Grand Total","1973","g/capita/day","54.69"
"Food Balance Sheets","South America","Fat supply quantity (g/capita/day)","Grand Total","1974","g/capita/day","59.21"
"Food Balance Sheets","South America","Fat supply quantity (g/capita/day)","Grand Total","1975","g/capita/day","59.5"
"Food Balance Sheets","South America","Fat supply quantity (g/capita/day)","Grand Total","1976","g/capita/day","59.39"
"Food Balance Sheets","South America","Fat supply quantity (g/capita/day)","Grand Total","1977","g/capita/day","62.4"
"Food Balance Sheets","South America","Fat supply quantity (g/capita/day)","Grand Total","1978","g/capita/day","65.07"
"Food Balance Sheets","South America","Fat supply quantity (g/capita/day)","Grand Total","1979","g/capita/day","66.46"
"Food Balance Sheets","South America","Fat supply quantity (g/capita/day)","Grand Total","1980","g/capita/day","68.61"
"Food Balance Sheets","South America","Fat supply quantity (g/capita/day)","Grand Total","1981","g/capita/day","68.35"
"Food Balance Sheets","South America","Fat supply quantity (g/capita/day)","Grand Total","1982","g/capita/day","66.78"
"Food Balance Sheets","South America","Fat supply quantity (g/capita/day)","Grand Total","1983","g/capita/day","66.26"
"Food Balance Sheets","South America","Fat supply quantity (g/capita/day)","Grand Total","1984","g/capita/day","66.28"
"Food Balance Sheets","South America","Fat supply quantity (g/capita/day)","Grand Total","1985","g/capita/day","67.78"
"Food Balance Sheets","South America","Fat supply quantity (g/capita/day)","Grand Total","1986","g/capita/day","69.61"
"Food Balance Sheets","South America","Fat supply quantity (g/capita/day)","Grand Total","1987","g/capita/day","71.67"
"Food Balance Sheets","South America","Fat supply quantity (g/capita/day)","Grand Total","1988","g/capita/day","73.64"
"Food Balance Sheets","South America","Fat supply quantity (g/capita/day)","Grand Total","1989","g/capita/day","73.58"
"Food Balance Sheets","South America","Fat supply quantity (g/capita/day)","Grand Total","1990","g/capita/day","72.99"
"Food Balance Sheets","South America","Fat supply quantity (g/capita/day)","Grand Total","1991","g/capita/day","76.15"
"Food Balance Sheets","South America","Fat supply quantity (g/capita/day)","Grand Total","1992","g/capita/day","76.67"
"Food Balance Sheets","South America","Fat supply quantity (g/capita/day)","Grand Total","1993","g/capita/day","76.55"
"Food Balance Sheets","South America","Fat supply quantity (g/capita/day)","Grand Total","1994","g/capita/day","77.16"
"Food Balance Sheets","South America","Fat supply quantity (g/capita/day)","Grand Total","1995","g/capita/day","78.52"
"Food Balance Sheets","South America","Fat supply quantity (g/capita/day)","Grand Total","1996","g/capita/day","79.04"
"Food Balance Sheets","South America","Fat supply quantity (g/capita/day)","Grand Total","1997","g/capita/day","80.39"
"Food Balance Sheets","South America","Fat supply quantity (g/capita/day)","Grand Total","1998","g/capita/day","81.17"
"Food Balance Sheets","South America","Fat supply quantity (g/capita/day)","Grand Total","1999","g/capita/day","86.92"
"Food Balance Sheets","South America","Fat supply quantity (g/capita/day)","Grand Total","2000","g/capita/day","89.17"
"Food Balance Sheets","South America","Fat supply quantity (g/capita/day)","Grand Total","2001","g/capita/day","88.68"
"Food Balance Sheets","South America","Fat supply quantity (g/capita/day)","Grand Total","2002","g/capita/day","87.77"
"Food Balance Sheets","South America","Fat supply quantity (g/capita/day)","Grand Total","2003","g/capita/day","88.91"
"Food Balance Sheets","South America","Fat supply quantity (g/capita/day)","Grand Total","2004","g/capita/day","90.45"
"Food Balance Sheets","South America","Fat supply quantity (g/capita/day)","Grand Total","2005","g/capita/day","89.04"
"Food Balance Sheets","South America","Fat supply quantity (g/capita/day)","Grand Total","2006","g/capita/day","91.42"
"Food Balance Sheets","South America","Fat supply quantity (g/capita/day)","Grand Total","2007","g/capita/day","93.27"
"Food Balance Sheets","South America","Fat supply quantity (g/capita/day)","Grand Total","2008","g/capita/day","96.79"
"Food Balance Sheets","South America","Fat supply quantity (g/capita/day)","Grand Total","2009","g/capita/day","95.71"
"Food Balance Sheets","South America","Fat supply quantity (g/capita/day)","Grand Total","2010","g/capita/day","97.57"
"Food Balance Sheets","South America","Fat supply quantity (g/capita/day)","Grand Total","2011","g/capita/day","99.36"
"Food Balance Sheets","South America","Fat supply quantity (g/capita/day)","Grand Total","2012","g/capita/day","100.25"
"Food Balance Sheets","South America","Fat supply quantity (g/capita/day)","Grand Total","2013","g/capita/day","101.27"
"Food Balance Sheets","Asia","Fat supply quantity (g/capita/day)","Grand Total","1961","g/capita/day","24.58"
"Food Balance Sheets","Asia","Fat supply quantity (g/capita/day)","Grand Total","1962","g/capita/day","25.49"
"Food Balance Sheets","Asia","Fat supply quantity (g/capita/day)","Grand Total","1963","g/capita/day","26.94"
"Food Balance Sheets","Asia","Fat supply quantity (g/capita/day)","Grand Total","1964","g/capita/day","28.23"
"Food Balance Sheets","Asia","Fat supply quantity (g/capita/day)","Grand Total","1965","g/capita/day","28.57"
"Food Balance Sheets","Asia","Fat supply quantity (g/capita/day)","Grand Total","1966","g/capita/day","29.4"
"Food Balance Sheets","Asia","Fat supply quantity (g/capita/day)","Grand Total","1967","g/capita/day","29.5"
"Food Balance Sheets","Asia","Fat supply quantity (g/capita/day)","Grand Total","1968","g/capita/day","29.34"
"Food Balance Sheets","Asia","Fat supply quantity (g/capita/day)","Grand Total","1969","g/capita/day","29.14"
"Food Balance Sheets","Asia","Fat supply quantity (g/capita/day)","Grand Total","1970","g/capita/day","29.89"
"Food Balance Sheets","Asia","Fat supply quantity (g/capita/day)","Grand Total","1971","g/capita/day","30.18"
"Food Balance Sheets","Asia","Fat supply quantity (g/capita/day)","Grand Total","1972","g/capita/day","30.47"
"Food Balance Sheets","Asia","Fat supply quantity (g/capita/day)","Grand Total","1973","g/capita/day","31.19"
"Food Balance Sheets","Asia","Fat supply quantity (g/capita/day)","Grand Total","1974","g/capita/day","31.17"
"Food Balance Sheets","Asia","Fat supply quantity (g/capita/day)","Grand Total","1975","g/capita/day","31.76"
"Food Balance Sheets","Asia","Fat supply quantity (g/capita/day)","Grand Total","1976","g/capita/day","31.55"
"Food Balance Sheets","Asia","Fat supply quantity (g/capita/day)","Grand Total","1977","g/capita/day","32.55"
"Food Balance Sheets","Asia","Fat supply quantity (g/capita/day)","Grand Total","1978","g/capita/day","34.16"
"Food Balance Sheets","Asia","Fat supply quantity (g/capita/day)","Grand Total","1979","g/capita/day","35.05"
"Food Balance Sheets","Asia","Fat supply quantity (g/capita/day)","Grand Total","1980","g/capita/day","36.93"
"Food Balance Sheets","Asia","Fat supply quantity (g/capita/day)","Grand Total","1981","g/capita/day","38.21"
"Food Balance Sheets","Asia","Fat supply quantity (g/capita/day)","Grand Total","1982","g/capita/day","39.59"
"Food Balance Sheets","Asia","Fat supply quantity (g/capita/day)","Grand Total","1983","g/capita/day","40.66"
"Food Balance Sheets","Asia","Fat supply quantity (g/capita/day)","Grand Total","1984","g/capita/day","42.38"
"Food Balance Sheets","Asia","Fat supply quantity (g/capita/day)","Grand Total","1985","g/capita/day","43.32"
"Food Balance Sheets","Asia","Fat supply quantity (g/capita/day)","Grand Total","1986","g/capita/day","44.22"
"Food Balance Sheets","Asia","Fat supply quantity (g/capita/day)","Grand Total","1987","g/capita/day","45.34"
"Food Balance Sheets","Asia","Fat supply quantity (g/capita/day)","Grand Total","1988","g/capita/day","46.88"
"Food Balance Sheets","Asia","Fat supply quantity (g/capita/day)","Grand Total","1989","g/capita/day","48.43"
"Food Balance Sheets","Asia","Fat supply quantity (g/capita/day)","Grand Total","1990","g/capita/day","49.18"
"Food Balance Sheets","Asia","Fat supply quantity (g/capita/day)","Grand Total","1991","g/capita/day","49.55"
"Food Balance Sheets","Asia","Fat supply quantity (g/capita/day)","Grand Total","1992","g/capita/day","50.85"
"Food Balance Sheets","Asia","Fat supply quantity (g/capita/day)","Grand Total","1993","g/capita/day","51.89"
"Food Balance Sheets","Asia","Fat supply quantity (g/capita/day)","Grand Total","1994","g/capita/day","54.2"
"Food Balance Sheets","Asia","Fat supply quantity (g/capita/day)","Grand Total","1995","g/capita/day","55.89"
"Food Balance Sheets","Asia","Fat supply quantity (g/capita/day)","Grand Total","1996","g/capita/day","56.69"
"Food Balance Sheets","Asia","Fat supply quantity (g/capita/day)","Grand Total","1997","g/capita/day","57.35"
"Food Balance Sheets","Asia","Fat supply quantity (g/capita/day)","Grand Total","1998","g/capita/day","58.16"
"Food Balance Sheets","Asia","Fat supply quantity (g/capita/day)","Grand Total","1999","g/capita/day","59.22"
"Food Balance Sheets","Asia","Fat supply quantity (g/capita/day)","Grand Total","2000","g/capita/day","60.41"
"Food Balance Sheets","Asia","Fat supply quantity (g/capita/day)","Grand Total","2001","g/capita/day","59.94"
"Food Balance Sheets","Asia","Fat supply quantity (g/capita/day)","Grand Total","2002","g/capita/day","60.79"
"Food Balance Sheets","Asia","Fat supply quantity (g/capita/day)","Grand Total","2003","g/capita/day","61.92"
"Food Balance Sheets","Asia","Fat supply quantity (g/capita/day)","Grand Total","2004","g/capita/day","62.95"
"Food Balance Sheets","Asia","Fat supply quantity (g/capita/day)","Grand Total","2005","g/capita/day","64.5"
"Food Balance Sheets","Asia","Fat supply quantity (g/capita/day)","Grand Total","2006","g/capita/day","66.32"
"Food Balance Sheets","Asia","Fat supply quantity (g/capita/day)","Grand Total","2007","g/capita/day","68.15"
"Food Balance Sheets","Asia","Fat supply quantity (g/capita/day)","Grand Total","2008","g/capita/day","68.27"
"Food Balance Sheets","Asia","Fat supply quantity (g/capita/day)","Grand Total","2009","g/capita/day","70.39"
"Food Balance Sheets","Asia","Fat supply quantity (g/capita/day)","Grand Total","2010","g/capita/day","71.21"
"Food Balance Sheets","Asia","Fat supply quantity (g/capita/day)","Grand Total","2011","g/capita/day","71.87"
"Food Balance Sheets","Asia","Fat supply quantity (g/capita/day)","Grand Total","2012","g/capita/day","72.63"
"Food Balance Sheets","Asia","Fat supply quantity (g/capita/day)","Grand Total","2013","g/capita/day","72.66"
"Food Balance Sheets","Europe","Fat supply quantity (g/capita/day)","Grand Total","1961","g/capita/day","89.11"
"Food Balance Sheets","Europe","Fat supply quantity (g/capita/day)","Grand Total","1962","g/capita/day","92.72"
"Food Balance Sheets","Europe","Fat supply quantity (g/capita/day)","Grand Total","1963","g/capita/day","94.06"
"Food Balance Sheets","Europe","Fat supply quantity (g/capita/day)","Grand Total","1964","g/capita/day","93.58"
"Food Balance Sheets","Europe","Fat supply quantity (g/capita/day)","Grand Total","1965","g/capita/day","96.19"
"Food Balance Sheets","Europe","Fat supply quantity (g/capita/day)","Grand Total","1966","g/capita/day","97.14"
"Food Balance Sheets","Europe","Fat supply quantity (g/capita/day)","Grand Total","1967","g/capita/day","99.56"
"Food Balance Sheets","Europe","Fat supply quantity (g/capita/day)","Grand Total","1968","g/capita/day","102.56"
"Food Balance Sheets","Europe","Fat supply quantity (g/capita/day)","Grand Total","1969","g/capita/day","102.38"
"Food Balance Sheets","Europe","Fat supply quantity (g/capita/day)","Grand Total","1970","g/capita/day","104.94"
"Food Balance Sheets","Europe","Fat supply quantity (g/capita/day)","Grand Total","1971","g/capita/day","105.71"
"Food Balance Sheets","Europe","Fat supply quantity (g/capita/day)","Grand Total","1972","g/capita/day","106.8"
"Food Balance Sheets","Europe","Fat supply quantity (g/capita/day)","Grand Total","1973","g/capita/day","107.7"
"Food Balance Sheets","Europe","Fat supply quantity (g/capita/day)","Grand Total","1974","g/capita/day","109.42"
"Food Balance Sheets","Europe","Fat supply quantity (g/capita/day)","Grand Total","1975","g/capita/day","108.95"
"Food Balance Sheets","Europe","Fat supply quantity (g/capita/day)","Grand Total","1976","g/capita/day","111.92"
"Food Balance Sheets","Europe","Fat supply quantity (g/capita/day)","Grand Total","1977","g/capita/day","111.12"
"Food Balance Sheets","Europe","Fat supply quantity (g/capita/day)","Grand Total","1978","g/capita/day","113.66"
"Food Balance Sheets","Europe","Fat supply quantity (g/capita/day)","Grand Total","1979","g/capita/day","115.37"
"Food Balance Sheets","Europe","Fat supply quantity (g/capita/day)","Grand Total","1980","g/capita/day","115.56"
"Food Balance Sheets","Europe","Fat supply quantity (g/capita/day)","Grand Total","1981","g/capita/day","115.04"
"Food Balance Sheets","Europe","Fat supply quantity (g/capita/day)","Grand Total","1982","g/capita/day","114.98"
"Food Balance Sheets","Europe","Fat supply quantity (g/capita/day)","Grand Total","1983","g/capita/day","117.22"
"Food Balance Sheets","Europe","Fat supply quantity (g/capita/day)","Grand Total","1984","g/capita/day","118.15"
"Food Balance Sheets","Europe","Fat supply quantity (g/capita/day)","Grand Total","1985","g/capita/day","120.88"
"Food Balance Sheets","Europe","Fat supply quantity (g/capita/day)","Grand Total","1986","g/capita/day","121.11"
"Food Balance Sheets","Europe","Fat supply quantity (g/capita/day)","Grand Total","1987","g/capita/day","122.74"
"Food Balance Sheets","Europe","Fat supply quantity (g/capita/day)","Grand Total","1988","g/capita/day","124.19"
"Food Balance Sheets","Europe","Fat supply quantity (g/capita/day)","Grand Total","1989","g/capita/day","125.17"
"Food Balance Sheets","Europe","Fat supply quantity (g/capita/day)","Grand Total","1990","g/capita/day","124.86"
"Food Balance Sheets","Europe","Fat supply quantity (g/capita/day)","Grand Total","1991","g/capita/day","118.88"
"Food Balance Sheets","Europe","Fat supply quantity (g/capita/day)","Grand Total","1992","g/capita/day","120.52"
"Food Balance Sheets","Europe","Fat supply quantity (g/capita/day)","Grand Total","1993","g/capita/day","118.37"
"Food Balance Sheets","Europe","Fat supply quantity (g/capita/day)","Grand Total","1994","g/capita/day","117.07"
"Food Balance Sheets","Europe","Fat supply quantity (g/capita/day)","Grand Total","1995","g/capita/day","117.1"
"Food Balance Sheets","Europe","Fat supply quantity (g/capita/day)","Grand Total","1996","g/capita/day","117.87"
"Food Balance Sheets","Europe","Fat supply quantity (g/capita/day)","Grand Total","1997","g/capita/day","118.38"
"Food Balance Sheets","Europe","Fat supply quantity (g/capita/day)","Grand Total","1998","g/capita/day","120.17"
"Food Balance Sheets","Europe","Fat supply quantity (g/capita/day)","Grand Total","1999","g/capita/day","119.7"
"Food Balance Sheets","Europe","Fat supply quantity (g/capita/day)","Grand Total","2000","g/capita/day","120.04"
"Food Balance Sheets","Europe","Fat supply quantity (g/capita/day)","Grand Total","2001","g/capita/day","120.92"
"Food Balance Sheets","Europe","Fat supply quantity (g/capita/day)","Grand Total","2002","g/capita/day","122.29"
"Food Balance Sheets","Europe","Fat supply quantity (g/capita/day)","Grand Total","2003","g/capita/day","121.84"
"Food Balance Sheets","Europe","Fat supply quantity (g/capita/day)","Grand Total","2004","g/capita/day","122.03"
"Food Balance Sheets","Europe","Fat supply quantity (g/capita/day)","Grand Total","2005","g/capita/day","123.93"
"Food Balance Sheets","Europe","Fat supply quantity (g/capita/day)","Grand Total","2006","g/capita/day","125.89"
"Food Balance Sheets","Europe","Fat supply quantity (g/capita/day)","Grand Total","2007","g/capita/day","126.96"
"Food Balance Sheets","Europe","Fat supply quantity (g/capita/day)","Grand Total","2008","g/capita/day","127.8"
"Food Balance Sheets","Europe","Fat supply quantity (g/capita/day)","Grand Total","2009","g/capita/day","127.24"
"Food Balance Sheets","Europe","Fat supply quantity (g/capita/day)","Grand Total","2010","g/capita/day","128.57"
"Food Balance Sheets","Europe","Fat supply quantity (g/capita/day)","Grand Total","2011","g/capita/day","128.6"
"Food Balance Sheets","Europe","Fat supply quantity (g/capita/day)","Grand Total","2012","g/capita/day","128.64"
"Food Balance Sheets","Europe","Fat supply quantity (g/capita/day)","Grand Total","2013","g/capita/day","128.96"
"Food Balance Sheets","Oceania","Fat supply quantity (g/capita/day)","Grand Total","1961","g/capita/day","107.75"
"Food Balance Sheets","Oceania","Fat supply quantity (g/capita/day)","Grand Total","1962","g/capita/day","108.88"
"Food Balance Sheets","Oceania","Fat supply quantity (g/capita/day)","Grand Total","1963","g/capita/day","108.72"
"Food Balance Sheets","Oceania","Fat supply quantity (g/capita/day)","Grand Total","1964","g/capita/day","108.49"
"Food Balance Sheets","Oceania","Fat supply quantity (g/capita/day)","Grand Total","1965","g/capita/day","108.12"
"Food Balance Sheets","Oceania","Fat supply quantity (g/capita/day)","Grand Total","1966","g/capita/day","109.23"
"Food Balance Sheets","Oceania","Fat supply quantity (g/capita/day)","Grand Total","1967","g/capita/day","108.76"
"Food Balance Sheets","Oceania","Fat supply quantity (g/capita/day)","Grand Total","1968","g/capita/day","108.79"
"Food Balance Sheets","Oceania","Fat supply quantity (g/capita/day)","Grand Total","1969","g/capita/day","109.25"
"Food Balance Sheets","Oceania","Fat supply quantity (g/capita/day)","Grand Total","1970","g/capita/day","110.97"
"Food Balance Sheets","Oceania","Fat supply quantity (g/capita/day)","Grand Total","1971","g/capita/day","113.69"
"Food Balance Sheets","Oceania","Fat supply quantity (g/capita/day)","Grand Total","1972","g/capita/day","118.05"
"Food Balance Sheets","Oceania","Fat supply quantity (g/capita/day)","Grand Total","1973","g/capita/day","114.06"
"Food Balance Sheets","Oceania","Fat supply quantity (g/capita/day)","Grand Total","1974","g/capita/day","108.52"
"Food Balance Sheets","Oceania","Fat supply quantity (g/capita/day)","Grand Total","1975","g/capita/day","112.26"
"Food Balance Sheets","Oceania","Fat supply quantity (g/capita/day)","Grand Total","1976","g/capita/day","112.49"
"Food Balance Sheets","Oceania","Fat supply quantity (g/capita/day)","Grand Total","1977","g/capita/day","109.84"
"Food Balance Sheets","Oceania","Fat supply quantity (g/capita/day)","Grand Total","1978","g/capita/day","109.61"
"Food Balance Sheets","Oceania","Fat supply quantity (g/capita/day)","Grand Total","1979","g/capita/day","110.37"
"Food Balance Sheets","Oceania","Fat supply quantity (g/capita/day)","Grand Total","1980","g/capita/day","111.87"
"Food Balance Sheets","Oceania","Fat supply quantity (g/capita/day)","Grand Total","1981","g/capita/day","113.05"
"Food Balance Sheets","Oceania","Fat supply quantity (g/capita/day)","Grand Total","1982","g/capita/day","114.07"
"Food Balance Sheets","Oceania","Fat supply quantity (g/capita/day)","Grand Total","1983","g/capita/day","113.03"
"Food Balance Sheets","Oceania","Fat supply quantity (g/capita/day)","Grand Total","1984","g/capita/day","113.51"
"Food Balance Sheets","Oceania","Fat supply quantity (g/capita/day)","Grand Total","1985","g/capita/day","115.57"
"Food Balance Sheets","Oceania","Fat supply quantity (g/capita/day)","Grand Total","1986","g/capita/day","118.52"
"Food Balance Sheets","Oceania","Fat supply quantity (g/capita/day)","Grand Total","1987","g/capita/day","120.4"
"Food Balance Sheets","Oceania","Fat supply quantity (g/capita/day)","Grand Total","1988","g/capita/day","120.39"
"Food Balance Sheets","Oceania","Fat supply quantity (g/capita/day)","Grand Total","1989","g/capita/day","122.92"
"Food Balance Sheets","Oceania","Fat supply quantity (g/capita/day)","Grand Total","1990","g/capita/day","126.31"
"Food Balance Sheets","Oceania","Fat supply quantity (g/capita/day)","Grand Total","1991","g/capita/day","125.54"
"Food Balance Sheets","Oceania","Fat supply quantity (g/capita/day)","Grand Total","1992","g/capita/day","127.9"
"Food Balance Sheets","Oceania","Fat supply quantity (g/capita/day)","Grand Total","1993","g/capita/day","125.94"
"Food Balance Sheets","Oceania","Fat supply quantity (g/capita/day)","Grand Total","1994","g/capita/day","122.75"
"Food Balance Sheets","Oceania","Fat supply quantity (g/capita/day)","Grand Total","1995","g/capita/day","122.51"
"Food Balance Sheets","Oceania","Fat supply quantity (g/capita/day)","Grand Total","1996","g/capita/day","121.73"
"Food Balance Sheets","Oceania","Fat supply quantity (g/capita/day)","Grand Total","1997","g/capita/day","123.39"
"Food Balance Sheets","Oceania","Fat supply quantity (g/capita/day)","Grand Total","1998","g/capita/day","120.4"
"Food Balance Sheets","Oceania","Fat supply quantity (g/capita/day)","Grand Total","1999","g/capita/day","124.71"
"Food Balance Sheets","Oceania","Fat supply quantity (g/capita/day)","Grand Total","2000","g/capita/day","124.42"
"Food Balance Sheets","Oceania","Fat supply quantity (g/capita/day)","Grand Total","2001","g/capita/day","127.48"
"Food Balance Sheets","Oceania","Fat supply quantity (g/capita/day)","Grand Total","2002","g/capita/day","125.5"
"Food Balance Sheets","Oceania","Fat supply quantity (g/capita/day)","Grand Total","2003","g/capita/day","125.19"
"Food Balance Sheets","Oceania","Fat supply quantity (g/capita/day)","Grand Total","2004","g/capita/day","128.17"
"Food Balance Sheets","Oceania","Fat supply quantity (g/capita/day)","Grand Total","2005","g/capita/day","130.77"
"Food Balance Sheets","Oceania","Fat supply quantity (g/capita/day)","Grand Total","2006","g/capita/day","135.46"
"Food Balance Sheets","Oceania","Fat supply quantity (g/capita/day)","Grand Total","2007","g/capita/day","136.25"
"Food Balance Sheets","Oceania","Fat supply quantity (g/capita/day)","Grand Total","2008","g/capita/day","133.97"
"Food Balance Sheets","Oceania","Fat supply quantity (g/capita/day)","Grand Total","2009","g/capita/day","135.41"
"Food Balance Sheets","Oceania","Fat supply quantity (g/capita/day)","Grand Total","2010","g/capita/day","137.51"
"Food Balance Sheets","Oceania","Fat supply quantity (g/capita/day)","Grand Total","2011","g/capita/day","139.87"
"Food Balance Sheets","Oceania","Fat supply quantity (g/capita/day)","Grand Total","2012","g/capita/day","142.22"
"Food Balance Sheets","Oceania","Fat supply quantity (g/capita/day)","Grand Total","2013","g/capita/day","141.06"
