Domain,Country,Element,Item,Year,Unit,Value
"Food Balance Sheets","World","Food supply (kcal/capita/day)","Grand Total","1961","kcal/capita/day","2196"
"Food Balance Sheets","World","Food supply (kcal/capita/day)","Grand Total","1962","kcal/capita/day","2243"
"Food Balance Sheets","World","Food supply (kcal/capita/day)","Grand Total","1963","kcal/capita/day","2254"
"Food Balance Sheets","World","Food supply (kcal/capita/day)","Grand Total","1964","kcal/capita/day","2287"
"Food Balance Sheets","World","Food supply (kcal/capita/day)","Grand Total","1965","kcal/capita/day","2310"
"Food Balance Sheets","World","Food supply (kcal/capita/day)","Grand Total","1966","kcal/capita/day","2327"
"Food Balance Sheets","World","Food supply (kcal/capita/day)","Grand Total","1967","kcal/capita/day","2330"
"Food Balance Sheets","World","Food supply (kcal/capita/day)","Grand Total","1968","kcal/capita/day","2334"
"Food Balance Sheets","World","Food supply (kcal/capita/day)","Grand Total","1969","kcal/capita/day","2343"
"Food Balance Sheets","World","Food supply (kcal/capita/day)","Grand Total","1970","kcal/capita/day","2389"
"Food Balance Sheets","World","Food supply (kcal/capita/day)","Grand Total","1971","kcal/capita/day","2365"
"Food Balance Sheets","World","Food supply (kcal/capita/day)","Grand Total","1972","kcal/capita/day","2352"
"Food Balance Sheets","World","Food supply (kcal/capita/day)","Grand Total","1973","kcal/capita/day","2389"
"Food Balance Sheets","World","Food supply (kcal/capita/day)","Grand Total","1974","kcal/capita/day","2381"
"Food Balance Sheets","World","Food supply (kcal/capita/day)","Grand Total","1975","kcal/capita/day","2396"
"Food Balance Sheets","World","Food supply (kcal/capita/day)","Grand Total","1976","kcal/capita/day","2389"
"Food Balance Sheets","World","Food supply (kcal/capita/day)","Grand Total","1977","kcal/capita/day","2418"
"Food Balance Sheets","World","Food supply (kcal/capita/day)","Grand Total","1978","kcal/capita/day","2477"
"Food Balance Sheets","World","Food supply (kcal/capita/day)","Grand Total","1979","kcal/capita/day","2476"
"Food Balance Sheets","World","Food supply (kcal/capita/day)","Grand Total","1980","kcal/capita/day","2490"
"Food Balance Sheets","World","Food supply (kcal/capita/day)","Grand Total","1981","kcal/capita/day","2501"
"Food Balance Sheets","World","Food supply (kcal/capita/day)","Grand Total","1982","kcal/capita/day","2531"
"Food Balance Sheets","World","Food supply (kcal/capita/day)","Grand Total","1983","kcal/capita/day","2575"
"Food Balance Sheets","World","Food supply (kcal/capita/day)","Grand Total","1984","kcal/capita/day","2584"
"Food Balance Sheets","World","Food supply (kcal/capita/day)","Grand Total","1985","kcal/capita/day","2587"
"Food Balance Sheets","World","Food supply (kcal/capita/day)","Grand Total","1986","kcal/capita/day","2589"
"Food Balance Sheets","World","Food supply (kcal/capita/day)","Grand Total","1987","kcal/capita/day","2607"
"Food Balance Sheets","World","Food supply (kcal/capita/day)","Grand Total","1988","kcal/capita/day","2624"
"Food Balance Sheets","World","Food supply (kcal/capita/day)","Grand Total","1989","kcal/capita/day","2635"
"Food Balance Sheets","World","Food supply (kcal/capita/day)","Grand Total","1990","kcal/capita/day","2621"
"Food Balance Sheets","World","Food supply (kcal/capita/day)","Grand Total","1991","kcal/capita/day","2601"
"Food Balance Sheets","World","Food supply (kcal/capita/day)","Grand Total","1992","kcal/capita/day","2610"
"Food Balance Sheets","World","Food supply (kcal/capita/day)","Grand Total","1993","kcal/capita/day","2616"
"Food Balance Sheets","World","Food supply (kcal/capita/day)","Grand Total","1994","kcal/capita/day","2639"
"Food Balance Sheets","World","Food supply (kcal/capita/day)","Grand Total","1995","kcal/capita/day","2663"
"Food Balance Sheets","World","Food supply (kcal/capita/day)","Grand Total","1996","kcal/capita/day","2673"
"Food Balance Sheets","World","Food supply (kcal/capita/day)","Grand Total","1997","kcal/capita/day","2687"
"Food Balance Sheets","World","Food supply (kcal/capita/day)","Grand Total","1998","kcal/capita/day","2701"
"Food Balance Sheets","World","Food supply (kcal/capita/day)","Grand Total","1999","kcal/capita/day","2715"
"Food Balance Sheets","World","Food supply (kcal/capita/day)","Grand Total","2000","kcal/capita/day","2727"
"Food Balance Sheets","World","Food supply (kcal/capita/day)","Grand Total","2001","kcal/capita/day","2725"
"Food Balance Sheets","World","Food supply (kcal/capita/day)","Grand Total","2002","kcal/capita/day","2728"
"Food Balance Sheets","World","Food supply (kcal/capita/day)","Grand Total","2003","kcal/capita/day","2735"
"Food Balance Sheets","World","Food supply (kcal/capita/day)","Grand Total","2004","kcal/capita/day","2747"
"Food Balance Sheets","World","Food supply (kcal/capita/day)","Grand Total","2005","kcal/capita/day","2761"
"Food Balance Sheets","World","Food supply (kcal/capita/day)","Grand Total","2006","kcal/capita/day","2779"
"Food Balance Sheets","World","Food supply (kcal/capita/day)","Grand Total","2007","kcal/capita/day","2807"
"Food Balance Sheets","World","Food supply (kcal/capita/day)","Grand Total","2008","kcal/capita/day","2825"
"Food Balance Sheets","World","Food supply (kcal/capita/day)","Grand Total","2009","kcal/capita/day","2825"
"Food Balance Sheets","World","Food supply (kcal/capita/day)","Grand Total","2010","kcal/capita/day","2850"
"Food Balance Sheets","World","Food supply (kcal/capita/day)","Grand Total","2011","kcal/capita/day","2869"
"Food Balance Sheets","World","Food supply (kcal/capita/day)","Grand Total","2012","kcal/capita/day","2874"
"Food Balance Sheets","World","Food supply (kcal/capita/day)","Grand Total","2013","kcal/capita/day","2884"
"Food Balance Sheets","Africa","Food supply (kcal/capita/day)","Grand Total","1961","kcal/capita/day","1993"
"Food Balance Sheets","Africa","Food supply (kcal/capita/day)","Grand Total","1962","kcal/capita/day","2025"
"Food Balance Sheets","Africa","Food supply (kcal/capita/day)","Grand Total","1963","kcal/capita/day","2028"
"Food Balance Sheets","Africa","Food supply (kcal/capita/day)","Grand Total","1964","kcal/capita/day","2037"
"Food Balance Sheets","Africa","Food supply (kcal/capita/day)","Grand Total","1965","kcal/capita/day","2042"
"Food Balance Sheets","Africa","Food supply (kcal/capita/day)","Grand Total","1966","kcal/capita/day","2009"
"Food Balance Sheets","Africa","Food supply (kcal/capita/day)","Grand Total","1967","kcal/capita/day","2041"
"Food Balance Sheets","Africa","Food supply (kcal/capita/day)","Grand Total","1968","kcal/capita/day","2053"
"Food Balance Sheets","Africa","Food supply (kcal/capita/day)","Grand Total","1969","kcal/capita/day","2086"
"Food Balance Sheets","Africa","Food supply (kcal/capita/day)","Grand Total","1970","kcal/capita/day","2105"
"Food Balance Sheets","Africa","Food supply (kcal/capita/day)","Grand Total","1971","kcal/capita/day","2087"
"Food Balance Sheets","Africa","Food supply (kcal/capita/day)","Grand Total","1972","kcal/capita/day","2049"
"Food Balance Sheets","Africa","Food supply (kcal/capita/day)","Grand Total","1973","kcal/capita/day","2079"
"Food Balance Sheets","Africa","Food supply (kcal/capita/day)","Grand Total","1974","kcal/capita/day","2120"
"Food Balance Sheets","Africa","Food supply (kcal/capita/day)","Grand Total","1975","kcal/capita/day","2127"
"Food Balance Sheets","Africa","Food supply (kcal/capita/day)","Grand Total","1976","kcal/capita/day","2127"
"Food Balance Sheets","Africa","Food supply (kcal/capita/day)","Grand Total","1977","kcal/capita/day","2143"
"Food Balance Sheets","Africa","Food supply (kcal/capita/day)","Grand Total","1978","kcal/capita/day","2169"
"Food Balance Sheets","Africa","Food supply (kcal/capita/day)","Grand Total","1979","kcal/capita/day","2198"
"Food Balance Sheets","Africa","Food supply (kcal/capita/day)","Grand Total","1980","kcal/capita/day","2233"
"Food Balance Sheets","Africa","Food supply (kcal/capita/day)","Grand Total","1981","kcal/capita/day","2241"
"Food Balance Sheets","Africa","Food supply (kcal/capita/day)","Grand Total","1982","kcal/capita/day","2246"
"Food Balance Sheets","Africa","Food supply (kcal/capita/day)","Grand Total","1983","kcal/capita/day","2210"
"Food Balance Sheets","Africa","Food supply (kcal/capita/day)","Grand Total","1984","kcal/capita/day","2182"
"Food Balance Sheets","Africa","Food supply (kcal/capita/day)","Grand Total","1985","kcal/capita/day","2233"
"Food Balance Sheets","Africa","Food supply (kcal/capita/day)","Grand Total","1986","kcal/capita/day","2268"
"Food Balance Sheets","Africa","Food supply (kcal/capita/day)","Grand Total","1987","kcal/capita/day","2254"
"Food Balance Sheets","Africa","Food supply (kcal/capita/day)","Grand Total","1988","kcal/capita/day","2274"
"Food Balance Sheets","Africa","Food supply (kcal/capita/day)","Grand Total","1989","kcal/capita/day","2278"
"Food Balance Sheets","Africa","Food supply (kcal/capita/day)","Grand Total","1990","kcal/capita/day","2291"
"Food Balance Sheets","Africa","Food supply (kcal/capita/day)","Grand Total","1991","kcal/capita/day","2322"
"Food Balance Sheets","Africa","Food supply (kcal/capita/day)","Grand Total","1992","kcal/capita/day","2320"
"Food Balance Sheets","Africa","Food supply (kcal/capita/day)","Grand Total","1993","kcal/capita/day","2342"
"Food Balance Sheets","Africa","Food supply (kcal/capita/day)","Grand Total","1994","kcal/capita/day","2356"
"Food Balance Sheets","Africa","Food supply (kcal/capita/day)","Grand Total","1995","kcal/capita/day","2376"
"Food Balance Sheets","Africa","Food supply (kcal/capita/day)","Grand Total","1996","kcal/capita/day","2390"
"Food Balance Sheets","Africa","Food supply (kcal/capita/day)","Grand Total","1997","kcal/capita/day","2403"
"Food Balance Sheets","Africa","Food supply (kcal/capita/day)","Grand Total","1998","kcal/capita/day","2423"
"Food Balance Sheets","Africa","Food supply (kcal/capita/day)","Grand Total","1999","kcal/capita/day","2433"
"Food Balance Sheets","Africa","Food supply (kcal/capita/day)","Grand Total","2000","kcal/capita/day","2433"
"Food Balance Sheets","Africa","Food supply (kcal/capita/day)","Grand Total","2001","kcal/capita/day","2457"
"Food Balance Sheets","Africa","Food supply (kcal/capita/day)","Grand Total","2002","kcal/capita/day","2473"
"Food Balance Sheets","Africa","Food supply (kcal/capita/day)","Grand Total","2003","kcal/capita/day","2480"
"Food Balance Sheets","Africa","Food supply (kcal/capita/day)","Grand Total","2004","kcal/capita/day","2493"
"Food Balance Sheets","Africa","Food supply (kcal/capita/day)","Grand Total","2005","kcal/capita/day","2525"
"Food Balance Sheets","Africa","Food supply (kcal/capita/day)","Grand Total","2006","kcal/capita/day","2546"
"Food Balance Sheets","Africa","Food supply (kcal/capita/day)","Grand Total","2007","kcal/capita/day","2550"
"Food Balance Sheets","Africa","Food supply (kcal/capita/day)","Grand Total","2008","kcal/capita/day","2567"
"Food Balance Sheets","Africa","Food supply (kcal/capita/day)","Grand Total","2009","kcal/capita/day","2575"
"Food Balance Sheets","Africa","Food supply (kcal/capita/day)","Grand Total","2010","kcal/capita/day","2594"
"Food Balance Sheets","Africa","Food supply (kcal/capita/day)","Grand Total","2011","kcal/capita/day","2614"
"Food Balance Sheets","Africa","Food supply (kcal/capita/day)","Grand Total","2012","kcal/capita/day","2618"
"Food Balance Sheets","Africa","Food supply (kcal/capita/day)","Grand Total","2013","kcal/capita/day","2624"
"Food Balance Sheets","Northern America","Food supply (kcal/capita/day)","Grand Total","1961","kcal/capita/day","2873"
"Food Balance Sheets","Northern America","Food supply (kcal/capita/day)","Grand Total","1962","kcal/capita/day","2857"
"Food Balance Sheets","Northern America","Food supply (kcal/capita/day)","Grand Total","1963","kcal/capita/day","2864"
"Food Balance Sheets","Northern America","Food supply (kcal/capita/day)","Grand Total","1964","kcal/capita/day","2914"
"Food Balance Sheets","Northern America","Food supply (kcal/capita/day)","Grand Total","1965","kcal/capita/day","2923"
"Food Balance Sheets","Northern America","Food supply (kcal/capita/day)","Grand Total","1966","kcal/capita/day","2951"
"Food Balance Sheets","Northern America","Food supply (kcal/capita/day)","Grand Total","1967","kcal/capita/day","2975"
"Food Balance Sheets","Northern America","Food supply (kcal/capita/day)","Grand Total","1968","kcal/capita/day","2995"
"Food Balance Sheets","Northern America","Food supply (kcal/capita/day)","Grand Total","1969","kcal/capita/day","3029"
"Food Balance Sheets","Northern America","Food supply (kcal/capita/day)","Grand Total","1970","kcal/capita/day","3023"
"Food Balance Sheets","Northern America","Food supply (kcal/capita/day)","Grand Total","1971","kcal/capita/day","3040"
"Food Balance Sheets","Northern America","Food supply (kcal/capita/day)","Grand Total","1972","kcal/capita/day","3050"
"Food Balance Sheets","Northern America","Food supply (kcal/capita/day)","Grand Total","1973","kcal/capita/day","3033"
"Food Balance Sheets","Northern America","Food supply (kcal/capita/day)","Grand Total","1974","kcal/capita/day","3025"
"Food Balance Sheets","Northern America","Food supply (kcal/capita/day)","Grand Total","1975","kcal/capita/day","3019"
"Food Balance Sheets","Northern America","Food supply (kcal/capita/day)","Grand Total","1976","kcal/capita/day","3150"
"Food Balance Sheets","Northern America","Food supply (kcal/capita/day)","Grand Total","1977","kcal/capita/day","3122"
"Food Balance Sheets","Northern America","Food supply (kcal/capita/day)","Grand Total","1978","kcal/capita/day","3134"
"Food Balance Sheets","Northern America","Food supply (kcal/capita/day)","Grand Total","1979","kcal/capita/day","3186"
"Food Balance Sheets","Northern America","Food supply (kcal/capita/day)","Grand Total","1980","kcal/capita/day","3156"
"Food Balance Sheets","Northern America","Food supply (kcal/capita/day)","Grand Total","1981","kcal/capita/day","3188"
"Food Balance Sheets","Northern America","Food supply (kcal/capita/day)","Grand Total","1982","kcal/capita/day","3168"
"Food Balance Sheets","Northern America","Food supply (kcal/capita/day)","Grand Total","1983","kcal/capita/day","3199"
"Food Balance Sheets","Northern America","Food supply (kcal/capita/day)","Grand Total","1984","kcal/capita/day","3248"
"Food Balance Sheets","Northern America","Food supply (kcal/capita/day)","Grand Total","1985","kcal/capita/day","3347"
"Food Balance Sheets","Northern America","Food supply (kcal/capita/day)","Grand Total","1986","kcal/capita/day","3326"
"Food Balance Sheets","Northern America","Food supply (kcal/capita/day)","Grand Total","1987","kcal/capita/day","3420"
"Food Balance Sheets","Northern America","Food supply (kcal/capita/day)","Grand Total","1988","kcal/capita/day","3414"
"Food Balance Sheets","Northern America","Food supply (kcal/capita/day)","Grand Total","1989","kcal/capita/day","3395"
"Food Balance Sheets","Northern America","Food supply (kcal/capita/day)","Grand Total","1990","kcal/capita/day","3447"
"Food Balance Sheets","Northern America","Food supply (kcal/capita/day)","Grand Total","1991","kcal/capita/day","3475"
"Food Balance Sheets","Northern America","Food supply (kcal/capita/day)","Grand Total","1992","kcal/capita/day","3513"
"Food Balance Sheets","Northern America","Food supply (kcal/capita/day)","Grand Total","1993","kcal/capita/day","3557"
"Food Balance Sheets","Northern America","Food supply (kcal/capita/day)","Grand Total","1994","kcal/capita/day","3620"
"Food Balance Sheets","Northern America","Food supply (kcal/capita/day)","Grand Total","1995","kcal/capita/day","3543"
"Food Balance Sheets","Northern America","Food supply (kcal/capita/day)","Grand Total","1996","kcal/capita/day","3554"
"Food Balance Sheets","Northern America","Food supply (kcal/capita/day)","Grand Total","1997","kcal/capita/day","3623"
"Food Balance Sheets","Northern America","Food supply (kcal/capita/day)","Grand Total","1998","kcal/capita/day","3638"
"Food Balance Sheets","Northern America","Food supply (kcal/capita/day)","Grand Total","1999","kcal/capita/day","3656"
"Food Balance Sheets","Northern America","Food supply (kcal/capita/day)","Grand Total","2000","kcal/capita/day","3730"
"Food Balance Sheets","Northern America","Food supply (kcal/capita/day)","Grand Total","2001","kcal/capita/day","3687"
"Food Balance Sheets","Northern America","Food supply (kcal/capita/day)","Grand Total","2002","kcal/capita/day","3755"
"Food Balance Sheets","Northern America","Food supply (kcal/capita/day)","Grand Total","2003","kcal/capita/day","3751"
"Food Balance Sheets","Northern America","Food supply (kcal/capita/day)","Grand Total","2004","kcal/capita/day","3781"
"Food Balance Sheets","Northern America","Food supply (kcal/capita/day)","Grand Total","2005","kcal/capita/day","3793"
"Food Balance Sheets","Northern America","Food supply (kcal/capita/day)","Grand Total","2006","kcal/capita/day","3753"
"Food Balance Sheets","Northern America","Food supply (kcal/capita/day)","Grand Total","2007","kcal/capita/day","3730"
"Food Balance Sheets","Northern America","Food supply (kcal/capita/day)","Grand Total","2008","kcal/capita/day","3676"
"Food Balance Sheets","Northern America","Food supply (kcal/capita/day)","Grand Total","2009","kcal/capita/day","3625"
"Food Balance Sheets","Northern America","Food supply (kcal/capita/day)","Grand Total","2010","kcal/capita/day","3630"
"Food Balance Sheets","Northern America","Food supply (kcal/capita/day)","Grand Total","2011","kcal/capita/day","3632"
"Food Balance Sheets","Northern America","Food supply (kcal/capita/day)","Grand Total","2012","kcal/capita/day","3667"
"Food Balance Sheets","Northern America","Food supply (kcal/capita/day)","Grand Total","2013","kcal/capita/day","3663"
"Food Balance Sheets","South America","Food supply (kcal/capita/day)","Grand Total","1961","kcal/capita/day","2329"
"Food Balance Sheets","South America","Food supply (kcal/capita/day)","Grand Total","1962","kcal/capita/day","2357"
"Food Balance Sheets","South America","Food supply (kcal/capita/day)","Grand Total","1963","kcal/capita/day","2320"
"Food Balance Sheets","South America","Food supply (kcal/capita/day)","Grand Total","1964","kcal/capita/day","2383"
"Food Balance Sheets","South America","Food supply (kcal/capita/day)","Grand Total","1965","kcal/capita/day","2404"
"Food Balance Sheets","South America","Food supply (kcal/capita/day)","Grand Total","1966","kcal/capita/day","2390"
"Food Balance Sheets","South America","Food supply (kcal/capita/day)","Grand Total","1967","kcal/capita/day","2416"
"Food Balance Sheets","South America","Food supply (kcal/capita/day)","Grand Total","1968","kcal/capita/day","2466"
"Food Balance Sheets","South America","Food supply (kcal/capita/day)","Grand Total","1969","kcal/capita/day","2479"
"Food Balance Sheets","South America","Food supply (kcal/capita/day)","Grand Total","1970","kcal/capita/day","2467"
"Food Balance Sheets","South America","Food supply (kcal/capita/day)","Grand Total","1971","kcal/capita/day","2468"
"Food Balance Sheets","South America","Food supply (kcal/capita/day)","Grand Total","1972","kcal/capita/day","2433"
"Food Balance Sheets","South America","Food supply (kcal/capita/day)","Grand Total","1973","kcal/capita/day","2407"
"Food Balance Sheets","South America","Food supply (kcal/capita/day)","Grand Total","1974","kcal/capita/day","2501"
"Food Balance Sheets","South America","Food supply (kcal/capita/day)","Grand Total","1975","kcal/capita/day","2520"
"Food Balance Sheets","South America","Food supply (kcal/capita/day)","Grand Total","1976","kcal/capita/day","2548"
"Food Balance Sheets","South America","Food supply (kcal/capita/day)","Grand Total","1977","kcal/capita/day","2560"
"Food Balance Sheets","South America","Food supply (kcal/capita/day)","Grand Total","1978","kcal/capita/day","2588"
"Food Balance Sheets","South America","Food supply (kcal/capita/day)","Grand Total","1979","kcal/capita/day","2654"
"Food Balance Sheets","South America","Food supply (kcal/capita/day)","Grand Total","1980","kcal/capita/day","2666"
"Food Balance Sheets","South America","Food supply (kcal/capita/day)","Grand Total","1981","kcal/capita/day","2624"
"Food Balance Sheets","South America","Food supply (kcal/capita/day)","Grand Total","1982","kcal/capita/day","2610"
"Food Balance Sheets","South America","Food supply (kcal/capita/day)","Grand Total","1983","kcal/capita/day","2576"
"Food Balance Sheets","South America","Food supply (kcal/capita/day)","Grand Total","1984","kcal/capita/day","2578"
"Food Balance Sheets","South America","Food supply (kcal/capita/day)","Grand Total","1985","kcal/capita/day","2595"
"Food Balance Sheets","South America","Food supply (kcal/capita/day)","Grand Total","1986","kcal/capita/day","2607"
"Food Balance Sheets","South America","Food supply (kcal/capita/day)","Grand Total","1987","kcal/capita/day","2640"
"Food Balance Sheets","South America","Food supply (kcal/capita/day)","Grand Total","1988","kcal/capita/day","2636"
"Food Balance Sheets","South America","Food supply (kcal/capita/day)","Grand Total","1989","kcal/capita/day","2621"
"Food Balance Sheets","South America","Food supply (kcal/capita/day)","Grand Total","1990","kcal/capita/day","2599"
"Food Balance Sheets","South America","Food supply (kcal/capita/day)","Grand Total","1991","kcal/capita/day","2658"
"Food Balance Sheets","South America","Food supply (kcal/capita/day)","Grand Total","1992","kcal/capita/day","2683"
"Food Balance Sheets","South America","Food supply (kcal/capita/day)","Grand Total","1993","kcal/capita/day","2687"
"Food Balance Sheets","South America","Food supply (kcal/capita/day)","Grand Total","1994","kcal/capita/day","2724"
"Food Balance Sheets","South America","Food supply (kcal/capita/day)","Grand Total","1995","kcal/capita/day","2731"
"Food Balance Sheets","South America","Food supply (kcal/capita/day)","Grand Total","1996","kcal/capita/day","2745"
"Food Balance Sheets","South America","Food supply (kcal/capita/day)","Grand Total","1997","kcal/capita/day","2749"
"Food Balance Sheets","South America","Food supply (kcal/capita/day)","Grand Total","1998","kcal/capita/day","2742"
"Food Balance Sheets","South America","Food supply (kcal/capita/day)","Grand Total","1999","kcal/capita/day","2768"
"Food Balance Sheets","South America","Food supply (kcal/capita/day)","Grand Total","2000","kcal/capita/day","2792"
"Food Balance Sheets","South America","Food supply (kcal/capita/day)","Grand Total","2001","kcal/capita/day","2797"
"Food Balance Sheets","South America","Food supply (kcal/capita/day)","Grand Total","2002","kcal/capita/day","2769"
"Food Balance Sheets","South America","Food supply (kcal/capita/day)","Grand Total","2003","kcal/capita/day","2853"
"Food Balance Sheets","South America","Food supply (kcal/capita/day)","Grand Total","2004","kcal/capita/day","2866"
"Food Balance Sheets","South America","Food supply (kcal/capita/day)","Grand Total","2005","kcal/capita/day","2875"
"Food Balance Sheets","South America","Food supply (kcal/capita/day)","Grand Total","2006","kcal/capita/day","2895"
"Food Balance Sheets","South America","Food supply (kcal/capita/day)","Grand Total","2007","kcal/capita/day","2914"
"Food Balance Sheets","South America","Food supply (kcal/capita/day)","Grand Total","2008","kcal/capita/day","2973"
"Food Balance Sheets","South America","Food supply (kcal/capita/day)","Grand Total","2009","kcal/capita/day","2956"
"Food Balance Sheets","South America","Food supply (kcal/capita/day)","Grand Total","2010","kcal/capita/day","2990"
"Food Balance Sheets","South America","Food supply (kcal/capita/day)","Grand Total","2011","kcal/capita/day","3027"
"Food Balance Sheets","South America","Food supply (kcal/capita/day)","Grand Total","2012","kcal/capita/day","3012"
"Food Balance Sheets","South America","Food supply (kcal/capita/day)","Grand Total","2013","kcal/capita/day","3027"
"Food Balance Sheets","Asia","Food supply (kcal/capita/day)","Grand Total","1961","kcal/capita/day","1805"
"Food Balance Sheets","Asia","Food supply (kcal/capita/day)","Grand Total","1962","kcal/capita/day","1867"
"Food Balance Sheets","Asia","Food supply (kcal/capita/day)","Grand Total","1963","kcal/capita/day","1882"
"Food Balance Sheets","Asia","Food supply (kcal/capita/day)","Grand Total","1964","kcal/capita/day","1929"
"Food Balance Sheets","Asia","Food supply (kcal/capita/day)","Grand Total","1965","kcal/capita/day","1963"
"Food Balance Sheets","Asia","Food supply (kcal/capita/day)","Grand Total","1966","kcal/capita/day","1994"
"Food Balance Sheets","Asia","Food supply (kcal/capita/day)","Grand Total","1967","kcal/capita/day","1987"
"Food Balance Sheets","Asia","Food supply (kcal/capita/day)","Grand Total","1968","kcal/capita/day","1978"
"Food Balance Sheets","Asia","Food supply (kcal/capita/day)","Grand Total","1969","kcal/capita/day","1987"
"Food Balance Sheets","Asia","Food supply (kcal/capita/day)","Grand Total","1970","kcal/capita/day","2059"
"Food Balance Sheets","Asia","Food supply (kcal/capita/day)","Grand Total","1971","kcal/capita/day","2023"
"Food Balance Sheets","Asia","Food supply (kcal/capita/day)","Grand Total","1972","kcal/capita/day","2019"
"Food Balance Sheets","Asia","Food supply (kcal/capita/day)","Grand Total","1973","kcal/capita/day","2075"
"Food Balance Sheets","Asia","Food supply (kcal/capita/day)","Grand Total","1974","kcal/capita/day","2048"
"Food Balance Sheets","Asia","Food supply (kcal/capita/day)","Grand Total","1975","kcal/capita/day","2081"
"Food Balance Sheets","Asia","Food supply (kcal/capita/day)","Grand Total","1976","kcal/capita/day","2042"
"Food Balance Sheets","Asia","Food supply (kcal/capita/day)","Grand Total","1977","kcal/capita/day","2102"
"Food Balance Sheets","Asia","Food supply (kcal/capita/day)","Grand Total","1978","kcal/capita/day","2189"
"Food Balance Sheets","Asia","Food supply (kcal/capita/day)","Grand Total","1979","kcal/capita/day","2171"
"Food Balance Sheets","Asia","Food supply (kcal/capita/day)","Grand Total","1980","kcal/capita/day","2187"
"Food Balance Sheets","Asia","Food supply (kcal/capita/day)","Grand Total","1981","kcal/capita/day","2214"
"Food Balance Sheets","Asia","Food supply (kcal/capita/day)","Grand Total","1982","kcal/capita/day","2271"
"Food Balance Sheets","Asia","Food supply (kcal/capita/day)","Grand Total","1983","kcal/capita/day","2354"
"Food Balance Sheets","Asia","Food supply (kcal/capita/day)","Grand Total","1984","kcal/capita/day","2372"
"Food Balance Sheets","Asia","Food supply (kcal/capita/day)","Grand Total","1985","kcal/capita/day","2356"
"Food Balance Sheets","Asia","Food supply (kcal/capita/day)","Grand Total","1986","kcal/capita/day","2359"
"Food Balance Sheets","Asia","Food supply (kcal/capita/day)","Grand Total","1987","kcal/capita/day","2380"
"Food Balance Sheets","Asia","Food supply (kcal/capita/day)","Grand Total","1988","kcal/capita/day","2405"
"Food Balance Sheets","Asia","Food supply (kcal/capita/day)","Grand Total","1989","kcal/capita/day","2436"
"Food Balance Sheets","Asia","Food supply (kcal/capita/day)","Grand Total","1990","kcal/capita/day","2414"
"Food Balance Sheets","Asia","Food supply (kcal/capita/day)","Grand Total","1991","kcal/capita/day","2402"
"Food Balance Sheets","Asia","Food supply (kcal/capita/day)","Grand Total","1992","kcal/capita/day","2433"
"Food Balance Sheets","Asia","Food supply (kcal/capita/day)","Grand Total","1993","kcal/capita/day","2445"
"Food Balance Sheets","Asia","Food supply (kcal/capita/day)","Grand Total","1994","kcal/capita/day","2482"
"Food Balance Sheets","Asia","Food supply (kcal/capita/day)","Grand Total","1995","kcal/capita/day","2527"
"Food Balance Sheets","Asia","Food supply (kcal/capita/day)","Grand Total","1996","kcal/capita/day","2538"
"Food Balance Sheets","Asia","Food supply (kcal/capita/day)","Grand Total","1997","kcal/capita/day","2552"
"Food Balance Sheets","Asia","Food supply (kcal/capita/day)","Grand Total","1998","kcal/capita/day","2566"
"Food Balance Sheets","Asia","Food supply (kcal/capita/day)","Grand Total","1999","kcal/capita/day","2582"
"Food Balance Sheets","Asia","Food supply (kcal/capita/day)","Grand Total","2000","kcal/capita/day","2591"
"Food Balance Sheets","Asia","Food supply (kcal/capita/day)","Grand Total","2001","kcal/capita/day","2578"
"Food Balance Sheets","Asia","Food supply (kcal/capita/day)","Grand Total","2002","kcal/capita/day","2571"
"Food Balance Sheets","Asia","Food supply (kcal/capita/day)","Grand Total","2003","kcal/capita/day","2577"
"Food Balance Sheets","Asia","Food supply (kcal/capita/day)","Grand Total","2004","kcal/capita/day","2587"
"Food Balance Sheets","Asia","Food supply (kcal/capita/day)","Grand Total","2005","kcal/capita/day","2600"
"Food Balance Sheets","Asia","Food supply (kcal/capita/day)","Grand Total","2006","kcal/capita/day","2624"
"Food Balance Sheets","Asia","Food supply (kcal/capita/day)","Grand Total","2007","kcal/capita/day","2667"
"Food Balance Sheets","Asia","Food supply (kcal/capita/day)","Grand Total","2008","kcal/capita/day","2693"
"Food Balance Sheets","Asia","Food supply (kcal/capita/day)","Grand Total","2009","kcal/capita/day","2702"
"Food Balance Sheets","Asia","Food supply (kcal/capita/day)","Grand Total","2010","kcal/capita/day","2736"
"Food Balance Sheets","Asia","Food supply (kcal/capita/day)","Grand Total","2011","kcal/capita/day","2758"
"Food Balance Sheets","Asia","Food supply (kcal/capita/day)","Grand Total","2012","kcal/capita/day","2766"
"Food Balance Sheets","Asia","Food supply (kcal/capita/day)","Grand Total","2013","kcal/capita/day","2779"
"Food Balance Sheets","Europe","Food supply (kcal/capita/day)","Grand Total","1961","kcal/capita/day","3041"
"Food Balance Sheets","Europe","Food supply (kcal/capita/day)","Grand Total","1962","kcal/capita/day","3091"
"Food Balance Sheets","Europe","Food supply (kcal/capita/day)","Grand Total","1963","kcal/capita/day","3113"
"Food Balance Sheets","Europe","Food supply (kcal/capita/day)","Grand Total","1964","kcal/capita/day","3120"
"Food Balance Sheets","Europe","Food supply (kcal/capita/day)","Grand Total","1965","kcal/capita/day","3144"
"Food Balance Sheets","Europe","Food supply (kcal/capita/day)","Grand Total","1966","kcal/capita/day","3159"
"Food Balance Sheets","Europe","Food supply (kcal/capita/day)","Grand Total","1967","kcal/capita/day","3177"
"Food Balance Sheets","Europe","Food supply (kcal/capita/day)","Grand Total","1968","kcal/capita/day","3212"
"Food Balance Sheets","Europe","Food supply (kcal/capita/day)","Grand Total","1969","kcal/capita/day","3214"
"Food Balance Sheets","Europe","Food supply (kcal/capita/day)","Grand Total","1970","kcal/capita/day","3255"
"Food Balance Sheets","Europe","Food supply (kcal/capita/day)","Grand Total","1971","kcal/capita/day","3252"
"Food Balance Sheets","Europe","Food supply (kcal/capita/day)","Grand Total","1972","kcal/capita/day","3237"
"Food Balance Sheets","Europe","Food supply (kcal/capita/day)","Grand Total","1973","kcal/capita/day","3279"
"Food Balance Sheets","Europe","Food supply (kcal/capita/day)","Grand Total","1974","kcal/capita/day","3286"
"Food Balance Sheets","Europe","Food supply (kcal/capita/day)","Grand Total","1975","kcal/capita/day","3266"
"Food Balance Sheets","Europe","Food supply (kcal/capita/day)","Grand Total","1976","kcal/capita/day","3314"
"Food Balance Sheets","Europe","Food supply (kcal/capita/day)","Grand Total","1977","kcal/capita/day","3291"
"Food Balance Sheets","Europe","Food supply (kcal/capita/day)","Grand Total","1978","kcal/capita/day","3322"
"Food Balance Sheets","Europe","Food supply (kcal/capita/day)","Grand Total","1979","kcal/capita/day","3336"
"Food Balance Sheets","Europe","Food supply (kcal/capita/day)","Grand Total","1980","kcal/capita/day","3338"
"Food Balance Sheets","Europe","Food supply (kcal/capita/day)","Grand Total","1981","kcal/capita/day","3309"
"Food Balance Sheets","Europe","Food supply (kcal/capita/day)","Grand Total","1982","kcal/capita/day","3316"
"Food Balance Sheets","Europe","Food supply (kcal/capita/day)","Grand Total","1983","kcal/capita/day","3325"
"Food Balance Sheets","Europe","Food supply (kcal/capita/day)","Grand Total","1984","kcal/capita/day","3335"
"Food Balance Sheets","Europe","Food supply (kcal/capita/day)","Grand Total","1985","kcal/capita/day","3347"
"Food Balance Sheets","Europe","Food supply (kcal/capita/day)","Grand Total","1986","kcal/capita/day","3351"
"Food Balance Sheets","Europe","Food supply (kcal/capita/day)","Grand Total","1987","kcal/capita/day","3379"
"Food Balance Sheets","Europe","Food supply (kcal/capita/day)","Grand Total","1988","kcal/capita/day","3393"
"Food Balance Sheets","Europe","Food supply (kcal/capita/day)","Grand Total","1989","kcal/capita/day","3376"
"Food Balance Sheets","Europe","Food supply (kcal/capita/day)","Grand Total","1990","kcal/capita/day","3367"
"Food Balance Sheets","Europe","Food supply (kcal/capita/day)","Grand Total","1991","kcal/capita/day","3237"
"Food Balance Sheets","Europe","Food supply (kcal/capita/day)","Grand Total","1992","kcal/capita/day","3239"
"Food Balance Sheets","Europe","Food supply (kcal/capita/day)","Grand Total","1993","kcal/capita/day","3203"
"Food Balance Sheets","Europe","Food supply (kcal/capita/day)","Grand Total","1994","kcal/capita/day","3163"
"Food Balance Sheets","Europe","Food supply (kcal/capita/day)","Grand Total","1995","kcal/capita/day","3161"
"Food Balance Sheets","Europe","Food supply (kcal/capita/day)","Grand Total","1996","kcal/capita/day","3167"
"Food Balance Sheets","Europe","Food supply (kcal/capita/day)","Grand Total","1997","kcal/capita/day","3174"
"Food Balance Sheets","Europe","Food supply (kcal/capita/day)","Grand Total","1998","kcal/capita/day","3211"
"Food Balance Sheets","Europe","Food supply (kcal/capita/day)","Grand Total","1999","kcal/capita/day","3218"
"Food Balance Sheets","Europe","Food supply (kcal/capita/day)","Grand Total","2000","kcal/capita/day","3226"
"Food Balance Sheets","Europe","Food supply (kcal/capita/day)","Grand Total","2001","kcal/capita/day","3264"
"Food Balance Sheets","Europe","Food supply (kcal/capita/day)","Grand Total","2002","kcal/capita/day","3298"
"Food Balance Sheets","Europe","Food supply (kcal/capita/day)","Grand Total","2003","kcal/capita/day","3286"
"Food Balance Sheets","Europe","Food supply (kcal/capita/day)","Grand Total","2004","kcal/capita/day","3314"
"Food Balance Sheets","Europe","Food supply (kcal/capita/day)","Grand Total","2005","kcal/capita/day","3331"
"Food Balance Sheets","Europe","Food supply (kcal/capita/day)","Grand Total","2006","kcal/capita/day","3350"
"Food Balance Sheets","Europe","Food supply (kcal/capita/day)","Grand Total","2007","kcal/capita/day","3364"
"Food Balance Sheets","Europe","Food supply (kcal/capita/day)","Grand Total","2008","kcal/capita/day","3373"
"Food Balance Sheets","Europe","Food supply (kcal/capita/day)","Grand Total","2009","kcal/capita/day","3357"
"Food Balance Sheets","Europe","Food supply (kcal/capita/day)","Grand Total","2010","kcal/capita/day","3353"
"Food Balance Sheets","Europe","Food supply (kcal/capita/day)","Grand Total","2011","kcal/capita/day","3370"
"Food Balance Sheets","Europe","Food supply (kcal/capita/day)","Grand Total","2012","kcal/capita/day","3362"
"Food Balance Sheets","Europe","Food supply (kcal/capita/day)","Grand Total","2013","kcal/capita/day","3367"
"Food Balance Sheets","Oceania","Food supply (kcal/capita/day)","Grand Total","1961","kcal/capita/day","3021"
"Food Balance Sheets","Oceania","Food supply (kcal/capita/day)","Grand Total","1962","kcal/capita/day","3045"
"Food Balance Sheets","Oceania","Food supply (kcal/capita/day)","Grand Total","1963","kcal/capita/day","3087"
"Food Balance Sheets","Oceania","Food supply (kcal/capita/day)","Grand Total","1964","kcal/capita/day","3071"
"Food Balance Sheets","Oceania","Food supply (kcal/capita/day)","Grand Total","1965","kcal/capita/day","3039"
"Food Balance Sheets","Oceania","Food supply (kcal/capita/day)","Grand Total","1966","kcal/capita/day","3108"
"Food Balance Sheets","Oceania","Food supply (kcal/capita/day)","Grand Total","1967","kcal/capita/day","3048"
"Food Balance Sheets","Oceania","Food supply (kcal/capita/day)","Grand Total","1968","kcal/capita/day","3058"
"Food Balance Sheets","Oceania","Food supply (kcal/capita/day)","Grand Total","1969","kcal/capita/day","3062"
"Food Balance Sheets","Oceania","Food supply (kcal/capita/day)","Grand Total","1970","kcal/capita/day","3077"
"Food Balance Sheets","Oceania","Food supply (kcal/capita/day)","Grand Total","1971","kcal/capita/day","3115"
"Food Balance Sheets","Oceania","Food supply (kcal/capita/day)","Grand Total","1972","kcal/capita/day","3145"
"Food Balance Sheets","Oceania","Food supply (kcal/capita/day)","Grand Total","1973","kcal/capita/day","3055"
"Food Balance Sheets","Oceania","Food supply (kcal/capita/day)","Grand Total","1974","kcal/capita/day","2992"
"Food Balance Sheets","Oceania","Food supply (kcal/capita/day)","Grand Total","1975","kcal/capita/day","3055"
"Food Balance Sheets","Oceania","Food supply (kcal/capita/day)","Grand Total","1976","kcal/capita/day","3086"
"Food Balance Sheets","Oceania","Food supply (kcal/capita/day)","Grand Total","1977","kcal/capita/day","3035"
"Food Balance Sheets","Oceania","Food supply (kcal/capita/day)","Grand Total","1978","kcal/capita/day","3000"
"Food Balance Sheets","Oceania","Food supply (kcal/capita/day)","Grand Total","1979","kcal/capita/day","2980"
"Food Balance Sheets","Oceania","Food supply (kcal/capita/day)","Grand Total","1980","kcal/capita/day","3020"
"Food Balance Sheets","Oceania","Food supply (kcal/capita/day)","Grand Total","1981","kcal/capita/day","3015"
"Food Balance Sheets","Oceania","Food supply (kcal/capita/day)","Grand Total","1982","kcal/capita/day","3055"
"Food Balance Sheets","Oceania","Food supply (kcal/capita/day)","Grand Total","1983","kcal/capita/day","2987"
"Food Balance Sheets","Oceania","Food supply (kcal/capita/day)","Grand Total","1984","kcal/capita/day","3039"
"Food Balance Sheets","Oceania","Food supply (kcal/capita/day)","Grand Total","1985","kcal/capita/day","3064"
"Food Balance Sheets","Oceania","Food supply (kcal/capita/day)","Grand Total","1986","kcal/capita/day","3051"
"Food Balance Sheets","Oceania","Food supply (kcal/capita/day)","Grand Total","1987","kcal/capita/day","3073"
"Food Balance Sheets","Oceania","Food supply (kcal/capita/day)","Grand Total","1988","kcal/capita/day","3071"
"Food Balance Sheets","Oceania","Food supply (kcal/capita/day)","Grand Total","1989","kcal/capita/day","3077"
"Food Balance Sheets","Oceania","Food supply (kcal/capita/day)","Grand Total","1990","kcal/capita/day","3139"
"Food Balance Sheets","Oceania","Food supply (kcal/capita/day)","Grand Total","1991","kcal/capita/day","3092"
"Food Balance Sheets","Oceania","Food supply (kcal/capita/day)","Grand Total","1992","kcal/capita/day","3092"
"Food Balance Sheets","Oceania","Food supply (kcal/capita/day)","Grand Total","1993","kcal/capita/day","3037"
"Food Balance Sheets","Oceania","Food supply (kcal/capita/day)","Grand Total","1994","kcal/capita/day","3038"
"Food Balance Sheets","Oceania","Food supply (kcal/capita/day)","Grand Total","1995","kcal/capita/day","3078"
"Food Balance Sheets","Oceania","Food supply (kcal/capita/day)","Grand Total","1996","kcal/capita/day","3062"
"Food Balance Sheets","Oceania","Food supply (kcal/capita/day)","Grand Total","1997","kcal/capita/day","3084"
"Food Balance Sheets","Oceania","Food supply (kcal/capita/day)","Grand Total","1998","kcal/capita/day","3019"
"Food Balance Sheets","Oceania","Food supply (kcal/capita/day)","Grand Total","1999","kcal/capita/day","3014"
"Food Balance Sheets","Oceania","Food supply (kcal/capita/day)","Grand Total","2000","kcal/capita/day","2995"
"Food Balance Sheets","Oceania","Food supply (kcal/capita/day)","Grand Total","2001","kcal/capita/day","3032"
"Food Balance Sheets","Oceania","Food supply (kcal/capita/day)","Grand Total","2002","kcal/capita/day","3057"
"Food Balance Sheets","Oceania","Food supply (kcal/capita/day)","Grand Total","2003","kcal/capita/day","3078"
"Food Balance Sheets","Oceania","Food supply (kcal/capita/day)","Grand Total","2004","kcal/capita/day","3044"
"Food Balance Sheets","Oceania","Food supply (kcal/capita/day)","Grand Total","2005","kcal/capita/day","3086"
"Food Balance Sheets","Oceania","Food supply (kcal/capita/day)","Grand Total","2006","kcal/capita/day","3126"
"Food Balance Sheets","Oceania","Food supply (kcal/capita/day)","Grand Total","2007","kcal/capita/day","3161"
"Food Balance Sheets","Oceania","Food supply (kcal/capita/day)","Grand Total","2008","kcal/capita/day","3168"
"Food Balance Sheets","Oceania","Food supply (kcal/capita/day)","Grand Total","2009","kcal/capita/day","3162"
"Food Balance Sheets","Oceania","Food supply (kcal/capita/day)","Grand Total","2010","kcal/capita/day","3169"
"Food Balance Sheets","Oceania","Food supply (kcal/capita/day)","Grand Total","2011","kcal/capita/day","3187"
"Food Balance Sheets","Oceania","Food supply (kcal/capita/day)","Grand Total","2012","kcal/capita/day","3201"
"Food Balance Sheets","Oceania","Food supply (kcal/capita/day)","Grand Total","2013","kcal/capita/day","3216"
