Domain,Country,Element,Item,Year,Unit,Value
"Food Balance Sheets","World","Protein supply quantity (g/capita/day)","Grand Total","1961","g/capita/day","61.46"
"Food Balance Sheets","World","Protein supply quantity (g/capita/day)","Grand Total","1962","g/capita/day","62.56"
"Food Balance Sheets","World","Protein supply quantity (g/capita/day)","Grand Total","1963","g/capita/day","62.83"
"Food Balance Sheets","World","Protein supply quantity (g/capita/day)","Grand Total","1964","g/capita/day","63.3"
"Food Balance Sheets","World","Protein supply quantity (g/capita/day)","Grand Total","1965","g/capita/day","63.49"
"Food Balance Sheets","World","Protein supply quantity (g/capita/day)","Grand Total","1966","g/capita/day","63.75"
"Food Balance Sheets","World","Protein supply quantity (g/capita/day)","Grand Total","1967","g/capita/day","63.89"
"Food Balance Sheets","World","Protein supply quantity (g/capita/day)","Grand Total","1968","g/capita/day","64.02"
"Food Balance Sheets","World","Protein supply quantity (g/capita/day)","Grand Total","1969","g/capita/day","63.82"
"Food Balance Sheets","World","Protein supply quantity (g/capita/day)","Grand Total","1970","g/capita/day","64.69"
"Food Balance Sheets","World","Protein supply quantity (g/capita/day)","Grand Total","1971","g/capita/day","64.22"
"Food Balance Sheets","World","Protein supply quantity (g/capita/day)","Grand Total","1972","g/capita/day","63.93"
"Food Balance Sheets","World","Protein supply quantity (g/capita/day)","Grand Total","1973","g/capita/day","64.62"
"Food Balance Sheets","World","Protein supply quantity (g/capita/day)","Grand Total","1974","g/capita/day","64.38"
"Food Balance Sheets","World","Protein supply quantity (g/capita/day)","Grand Total","1975","g/capita/day","64.95"
"Food Balance Sheets","World","Protein supply quantity (g/capita/day)","Grand Total","1976","g/capita/day","64.64"
"Food Balance Sheets","World","Protein supply quantity (g/capita/day)","Grand Total","1977","g/capita/day","65.05"
"Food Balance Sheets","World","Protein supply quantity (g/capita/day)","Grand Total","1978","g/capita/day","66.54"
"Food Balance Sheets","World","Protein supply quantity (g/capita/day)","Grand Total","1979","g/capita/day","66.58"
"Food Balance Sheets","World","Protein supply quantity (g/capita/day)","Grand Total","1980","g/capita/day","66.73"
"Food Balance Sheets","World","Protein supply quantity (g/capita/day)","Grand Total","1981","g/capita/day","67.39"
"Food Balance Sheets","World","Protein supply quantity (g/capita/day)","Grand Total","1982","g/capita/day","67.63"
"Food Balance Sheets","World","Protein supply quantity (g/capita/day)","Grand Total","1983","g/capita/day","68.88"
"Food Balance Sheets","World","Protein supply quantity (g/capita/day)","Grand Total","1984","g/capita/day","69.08"
"Food Balance Sheets","World","Protein supply quantity (g/capita/day)","Grand Total","1985","g/capita/day","69.46"
"Food Balance Sheets","World","Protein supply quantity (g/capita/day)","Grand Total","1986","g/capita/day","69.84"
"Food Balance Sheets","World","Protein supply quantity (g/capita/day)","Grand Total","1987","g/capita/day","70.3"
"Food Balance Sheets","World","Protein supply quantity (g/capita/day)","Grand Total","1988","g/capita/day","70.74"
"Food Balance Sheets","World","Protein supply quantity (g/capita/day)","Grand Total","1989","g/capita/day","70.9"
"Food Balance Sheets","World","Protein supply quantity (g/capita/day)","Grand Total","1990","g/capita/day","70.47"
"Food Balance Sheets","World","Protein supply quantity (g/capita/day)","Grand Total","1991","g/capita/day","70.17"
"Food Balance Sheets","World","Protein supply quantity (g/capita/day)","Grand Total","1992","g/capita/day","70.08"
"Food Balance Sheets","World","Protein supply quantity (g/capita/day)","Grand Total","1993","g/capita/day","70.77"
"Food Balance Sheets","World","Protein supply quantity (g/capita/day)","Grand Total","1994","g/capita/day","71.93"
"Food Balance Sheets","World","Protein supply quantity (g/capita/day)","Grand Total","1995","g/capita/day","72.63"
"Food Balance Sheets","World","Protein supply quantity (g/capita/day)","Grand Total","1996","g/capita/day","73.09"
"Food Balance Sheets","World","Protein supply quantity (g/capita/day)","Grand Total","1997","g/capita/day","73.4"
"Food Balance Sheets","World","Protein supply quantity (g/capita/day)","Grand Total","1998","g/capita/day","73.94"
"Food Balance Sheets","World","Protein supply quantity (g/capita/day)","Grand Total","1999","g/capita/day","74.52"
"Food Balance Sheets","World","Protein supply quantity (g/capita/day)","Grand Total","2000","g/capita/day","75.04"
"Food Balance Sheets","World","Protein supply quantity (g/capita/day)","Grand Total","2001","g/capita/day","74.96"
"Food Balance Sheets","World","Protein supply quantity (g/capita/day)","Grand Total","2002","g/capita/day","75.08"
"Food Balance Sheets","World","Protein supply quantity (g/capita/day)","Grand Total","2003","g/capita/day","75.41"
"Food Balance Sheets","World","Protein supply quantity (g/capita/day)","Grand Total","2004","g/capita/day","75.63"
"Food Balance Sheets","World","Protein supply quantity (g/capita/day)","Grand Total","2005","g/capita/day","76.07"
"Food Balance Sheets","World","Protein supply quantity (g/capita/day)","Grand Total","2006","g/capita/day","76.79"
"Food Balance Sheets","World","Protein supply quantity (g/capita/day)","Grand Total","2007","g/capita/day","78.11"
"Food Balance Sheets","World","Protein supply quantity (g/capita/day)","Grand Total","2008","g/capita/day","78.73"
"Food Balance Sheets","World","Protein supply quantity (g/capita/day)","Grand Total","2009","g/capita/day","78.88"
"Food Balance Sheets","World","Protein supply quantity (g/capita/day)","Grand Total","2010","g/capita/day","80.06"
"Food Balance Sheets","World","Protein supply quantity (g/capita/day)","Grand Total","2011","g/capita/day","80.5"
"Food Balance Sheets","World","Protein supply quantity (g/capita/day)","Grand Total","2012","g/capita/day","80.78"
"Food Balance Sheets","World","Protein supply quantity (g/capita/day)","Grand Total","2013","g/capita/day","81.23"
"Food Balance Sheets","Africa","Protein supply quantity (g/capita/day)","Grand Total","1961","g/capita/day","52.64"
"Food Balance Sheets","Africa","Protein supply quantity (g/capita/day)","Grand Total","1962","g/capita/day","53.26"
"Food Balance Sheets","Africa","Protein supply quantity (g/capita/day)","Grand Total","1963","g/capita/day","53.17"
"Food Balance Sheets","Africa","Protein supply quantity (g/capita/day)","Grand Total","1964","g/capita/day","53.76"
"Food Balance Sheets","Africa","Protein supply quantity (g/capita/day)","Grand Total","1965","g/capita/day","53.49"
"Food Balance Sheets","Africa","Protein supply quantity (g/capita/day)","Grand Total","1966","g/capita/day","53"
"Food Balance Sheets","Africa","Protein supply quantity (g/capita/day)","Grand Total","1967","g/capita/day","53.48"
"Food Balance Sheets","Africa","Protein supply quantity (g/capita/day)","Grand Total","1968","g/capita/day","53.71"
"Food Balance Sheets","Africa","Protein supply quantity (g/capita/day)","Grand Total","1969","g/capita/day","54.61"
"Food Balance Sheets","Africa","Protein supply quantity (g/capita/day)","Grand Total","1970","g/capita/day","54.93"
"Food Balance Sheets","Africa","Protein supply quantity (g/capita/day)","Grand Total","1971","g/capita/day","54.54"
"Food Balance Sheets","Africa","Protein supply quantity (g/capita/day)","Grand Total","1972","g/capita/day","53.6"
"Food Balance Sheets","Africa","Protein supply quantity (g/capita/day)","Grand Total","1973","g/capita/day","53.68"
"Food Balance Sheets","Africa","Protein supply quantity (g/capita/day)","Grand Total","1974","g/capita/day","54.88"
"Food Balance Sheets","Africa","Protein supply quantity (g/capita/day)","Grand Total","1975","g/capita/day","55.08"
"Food Balance Sheets","Africa","Protein supply quantity (g/capita/day)","Grand Total","1976","g/capita/day","55.01"
"Food Balance Sheets","Africa","Protein supply quantity (g/capita/day)","Grand Total","1977","g/capita/day","55.11"
"Food Balance Sheets","Africa","Protein supply quantity (g/capita/day)","Grand Total","1978","g/capita/day","55.77"
"Food Balance Sheets","Africa","Protein supply quantity (g/capita/day)","Grand Total","1979","g/capita/day","56.37"
"Food Balance Sheets","Africa","Protein supply quantity (g/capita/day)","Grand Total","1980","g/capita/day","57.27"
"Food Balance Sheets","Africa","Protein supply quantity (g/capita/day)","Grand Total","1981","g/capita/day","57.19"
"Food Balance Sheets","Africa","Protein supply quantity (g/capita/day)","Grand Total","1982","g/capita/day","57.35"
"Food Balance Sheets","Africa","Protein supply quantity (g/capita/day)","Grand Total","1983","g/capita/day","56.9"
"Food Balance Sheets","Africa","Protein supply quantity (g/capita/day)","Grand Total","1984","g/capita/day","55.99"
"Food Balance Sheets","Africa","Protein supply quantity (g/capita/day)","Grand Total","1985","g/capita/day","57.22"
"Food Balance Sheets","Africa","Protein supply quantity (g/capita/day)","Grand Total","1986","g/capita/day","57.72"
"Food Balance Sheets","Africa","Protein supply quantity (g/capita/day)","Grand Total","1987","g/capita/day","57.96"
"Food Balance Sheets","Africa","Protein supply quantity (g/capita/day)","Grand Total","1988","g/capita/day","58.47"
"Food Balance Sheets","Africa","Protein supply quantity (g/capita/day)","Grand Total","1989","g/capita/day","58.47"
"Food Balance Sheets","Africa","Protein supply quantity (g/capita/day)","Grand Total","1990","g/capita/day","58.79"
"Food Balance Sheets","Africa","Protein supply quantity (g/capita/day)","Grand Total","1991","g/capita/day","58.93"
"Food Balance Sheets","Africa","Protein supply quantity (g/capita/day)","Grand Total","1992","g/capita/day","58.75"
"Food Balance Sheets","Africa","Protein supply quantity (g/capita/day)","Grand Total","1993","g/capita/day","59.01"
"Food Balance Sheets","Africa","Protein supply quantity (g/capita/day)","Grand Total","1994","g/capita/day","59.61"
"Food Balance Sheets","Africa","Protein supply quantity (g/capita/day)","Grand Total","1995","g/capita/day","60.25"
"Food Balance Sheets","Africa","Protein supply quantity (g/capita/day)","Grand Total","1996","g/capita/day","60.78"
"Food Balance Sheets","Africa","Protein supply quantity (g/capita/day)","Grand Total","1997","g/capita/day","61.01"
"Food Balance Sheets","Africa","Protein supply quantity (g/capita/day)","Grand Total","1998","g/capita/day","61.83"
"Food Balance Sheets","Africa","Protein supply quantity (g/capita/day)","Grand Total","1999","g/capita/day","62.15"
"Food Balance Sheets","Africa","Protein supply quantity (g/capita/day)","Grand Total","2000","g/capita/day","62.34"
"Food Balance Sheets","Africa","Protein supply quantity (g/capita/day)","Grand Total","2001","g/capita/day","62.75"
"Food Balance Sheets","Africa","Protein supply quantity (g/capita/day)","Grand Total","2002","g/capita/day","63.42"
"Food Balance Sheets","Africa","Protein supply quantity (g/capita/day)","Grand Total","2003","g/capita/day","64.01"
"Food Balance Sheets","Africa","Protein supply quantity (g/capita/day)","Grand Total","2004","g/capita/day","64.35"
"Food Balance Sheets","Africa","Protein supply quantity (g/capita/day)","Grand Total","2005","g/capita/day","65.6"
"Food Balance Sheets","Africa","Protein supply quantity (g/capita/day)","Grand Total","2006","g/capita/day","66.37"
"Food Balance Sheets","Africa","Protein supply quantity (g/capita/day)","Grand Total","2007","g/capita/day","66.83"
"Food Balance Sheets","Africa","Protein supply quantity (g/capita/day)","Grand Total","2008","g/capita/day","67.24"
"Food Balance Sheets","Africa","Protein supply quantity (g/capita/day)","Grand Total","2009","g/capita/day","67.86"
"Food Balance Sheets","Africa","Protein supply quantity (g/capita/day)","Grand Total","2010","g/capita/day","68.57"
"Food Balance Sheets","Africa","Protein supply quantity (g/capita/day)","Grand Total","2011","g/capita/day","69.3"
"Food Balance Sheets","Africa","Protein supply quantity (g/capita/day)","Grand Total","2012","g/capita/day","69.03"
"Food Balance Sheets","Africa","Protein supply quantity (g/capita/day)","Grand Total","2013","g/capita/day","69.1"
"Food Balance Sheets","Northern America","Protein supply quantity (g/capita/day)","Grand Total","1961","g/capita/day","94.85"
"Food Balance Sheets","Northern America","Protein supply quantity (g/capita/day)","Grand Total","1962","g/capita/day","94.21"
"Food Balance Sheets","Northern America","Protein supply quantity (g/capita/day)","Grand Total","1963","g/capita/day","95.33"
"Food Balance Sheets","Northern America","Protein supply quantity (g/capita/day)","Grand Total","1964","g/capita/day","96.8"
"Food Balance Sheets","Northern America","Protein supply quantity (g/capita/day)","Grand Total","1965","g/capita/day","96.36"
"Food Balance Sheets","Northern America","Protein supply quantity (g/capita/day)","Grand Total","1966","g/capita/day","97.86"
"Food Balance Sheets","Northern America","Protein supply quantity (g/capita/day)","Grand Total","1967","g/capita/day","98.28"
"Food Balance Sheets","Northern America","Protein supply quantity (g/capita/day)","Grand Total","1968","g/capita/day","99.21"
"Food Balance Sheets","Northern America","Protein supply quantity (g/capita/day)","Grand Total","1969","g/capita/day","98.8"
"Food Balance Sheets","Northern America","Protein supply quantity (g/capita/day)","Grand Total","1970","g/capita/day","97.95"
"Food Balance Sheets","Northern America","Protein supply quantity (g/capita/day)","Grand Total","1971","g/capita/day","98.79"
"Food Balance Sheets","Northern America","Protein supply quantity (g/capita/day)","Grand Total","1972","g/capita/day","98.38"
"Food Balance Sheets","Northern America","Protein supply quantity (g/capita/day)","Grand Total","1973","g/capita/day","97.14"
"Food Balance Sheets","Northern America","Protein supply quantity (g/capita/day)","Grand Total","1974","g/capita/day","97.03"
"Food Balance Sheets","Northern America","Protein supply quantity (g/capita/day)","Grand Total","1975","g/capita/day","97.11"
"Food Balance Sheets","Northern America","Protein supply quantity (g/capita/day)","Grand Total","1976","g/capita/day","100.83"
"Food Balance Sheets","Northern America","Protein supply quantity (g/capita/day)","Grand Total","1977","g/capita/day","99.08"
"Food Balance Sheets","Northern America","Protein supply quantity (g/capita/day)","Grand Total","1978","g/capita/day","98.91"
"Food Balance Sheets","Northern America","Protein supply quantity (g/capita/day)","Grand Total","1979","g/capita/day","99.64"
"Food Balance Sheets","Northern America","Protein supply quantity (g/capita/day)","Grand Total","1980","g/capita/day","97.78"
"Food Balance Sheets","Northern America","Protein supply quantity (g/capita/day)","Grand Total","1981","g/capita/day","99.91"
"Food Balance Sheets","Northern America","Protein supply quantity (g/capita/day)","Grand Total","1982","g/capita/day","98.88"
"Food Balance Sheets","Northern America","Protein supply quantity (g/capita/day)","Grand Total","1983","g/capita/day","99.77"
"Food Balance Sheets","Northern America","Protein supply quantity (g/capita/day)","Grand Total","1984","g/capita/day","100.83"
"Food Balance Sheets","Northern America","Protein supply quantity (g/capita/day)","Grand Total","1985","g/capita/day","104.16"
"Food Balance Sheets","Northern America","Protein supply quantity (g/capita/day)","Grand Total","1986","g/capita/day","103.64"
"Food Balance Sheets","Northern America","Protein supply quantity (g/capita/day)","Grand Total","1987","g/capita/day","106.34"
"Food Balance Sheets","Northern America","Protein supply quantity (g/capita/day)","Grand Total","1988","g/capita/day","105.96"
"Food Balance Sheets","Northern America","Protein supply quantity (g/capita/day)","Grand Total","1989","g/capita/day","105.8"
"Food Balance Sheets","Northern America","Protein supply quantity (g/capita/day)","Grand Total","1990","g/capita/day","106.7"
"Food Balance Sheets","Northern America","Protein supply quantity (g/capita/day)","Grand Total","1991","g/capita/day","108.17"
"Food Balance Sheets","Northern America","Protein supply quantity (g/capita/day)","Grand Total","1992","g/capita/day","108.61"
"Food Balance Sheets","Northern America","Protein supply quantity (g/capita/day)","Grand Total","1993","g/capita/day","109.01"
"Food Balance Sheets","Northern America","Protein supply quantity (g/capita/day)","Grand Total","1994","g/capita/day","111.8"
"Food Balance Sheets","Northern America","Protein supply quantity (g/capita/day)","Grand Total","1995","g/capita/day","110.32"
"Food Balance Sheets","Northern America","Protein supply quantity (g/capita/day)","Grand Total","1996","g/capita/day","110.41"
"Food Balance Sheets","Northern America","Protein supply quantity (g/capita/day)","Grand Total","1997","g/capita/day","111.12"
"Food Balance Sheets","Northern America","Protein supply quantity (g/capita/day)","Grand Total","1998","g/capita/day","111.96"
"Food Balance Sheets","Northern America","Protein supply quantity (g/capita/day)","Grand Total","1999","g/capita/day","114.04"
"Food Balance Sheets","Northern America","Protein supply quantity (g/capita/day)","Grand Total","2000","g/capita/day","113.48"
"Food Balance Sheets","Northern America","Protein supply quantity (g/capita/day)","Grand Total","2001","g/capita/day","112.02"
"Food Balance Sheets","Northern America","Protein supply quantity (g/capita/day)","Grand Total","2002","g/capita/day","113.47"
"Food Balance Sheets","Northern America","Protein supply quantity (g/capita/day)","Grand Total","2003","g/capita/day","113.52"
"Food Balance Sheets","Northern America","Protein supply quantity (g/capita/day)","Grand Total","2004","g/capita/day","114.43"
"Food Balance Sheets","Northern America","Protein supply quantity (g/capita/day)","Grand Total","2005","g/capita/day","113.81"
"Food Balance Sheets","Northern America","Protein supply quantity (g/capita/day)","Grand Total","2006","g/capita/day","113.5"
"Food Balance Sheets","Northern America","Protein supply quantity (g/capita/day)","Grand Total","2007","g/capita/day","113.82"
"Food Balance Sheets","Northern America","Protein supply quantity (g/capita/day)","Grand Total","2008","g/capita/day","112.08"
"Food Balance Sheets","Northern America","Protein supply quantity (g/capita/day)","Grand Total","2009","g/capita/day","110.13"
"Food Balance Sheets","Northern America","Protein supply quantity (g/capita/day)","Grand Total","2010","g/capita/day","109.98"
"Food Balance Sheets","Northern America","Protein supply quantity (g/capita/day)","Grand Total","2011","g/capita/day","108.15"
"Food Balance Sheets","Northern America","Protein supply quantity (g/capita/day)","Grand Total","2012","g/capita/day","109.18"
"Food Balance Sheets","Northern America","Protein supply quantity (g/capita/day)","Grand Total","2013","g/capita/day","109.13"
"Food Balance Sheets","South America","Protein supply quantity (g/capita/day)","Grand Total","1961","g/capita/day","62.88"
"Food Balance Sheets","South America","Protein supply quantity (g/capita/day)","Grand Total","1962","g/capita/day","62.9"
"Food Balance Sheets","South America","Protein supply quantity (g/capita/day)","Grand Total","1963","g/capita/day","63"
"Food Balance Sheets","South America","Protein supply quantity (g/capita/day)","Grand Total","1964","g/capita/day","63.21"
"Food Balance Sheets","South America","Protein supply quantity (g/capita/day)","Grand Total","1965","g/capita/day","64.02"
"Food Balance Sheets","South America","Protein supply quantity (g/capita/day)","Grand Total","1966","g/capita/day","63.9"
"Food Balance Sheets","South America","Protein supply quantity (g/capita/day)","Grand Total","1967","g/capita/day","64.87"
"Food Balance Sheets","South America","Protein supply quantity (g/capita/day)","Grand Total","1968","g/capita/day","65.79"
"Food Balance Sheets","South America","Protein supply quantity (g/capita/day)","Grand Total","1969","g/capita/day","65.21"
"Food Balance Sheets","South America","Protein supply quantity (g/capita/day)","Grand Total","1970","g/capita/day","64.73"
"Food Balance Sheets","South America","Protein supply quantity (g/capita/day)","Grand Total","1971","g/capita/day","64.36"
"Food Balance Sheets","South America","Protein supply quantity (g/capita/day)","Grand Total","1972","g/capita/day","62.68"
"Food Balance Sheets","South America","Protein supply quantity (g/capita/day)","Grand Total","1973","g/capita/day","62.28"
"Food Balance Sheets","South America","Protein supply quantity (g/capita/day)","Grand Total","1974","g/capita/day","63.66"
"Food Balance Sheets","South America","Protein supply quantity (g/capita/day)","Grand Total","1975","g/capita/day","64.54"
"Food Balance Sheets","South America","Protein supply quantity (g/capita/day)","Grand Total","1976","g/capita/day","64.52"
"Food Balance Sheets","South America","Protein supply quantity (g/capita/day)","Grand Total","1977","g/capita/day","64.63"
"Food Balance Sheets","South America","Protein supply quantity (g/capita/day)","Grand Total","1978","g/capita/day","64.9"
"Food Balance Sheets","South America","Protein supply quantity (g/capita/day)","Grand Total","1979","g/capita/day","66.44"
"Food Balance Sheets","South America","Protein supply quantity (g/capita/day)","Grand Total","1980","g/capita/day","67.2"
"Food Balance Sheets","South America","Protein supply quantity (g/capita/day)","Grand Total","1981","g/capita/day","66.75"
"Food Balance Sheets","South America","Protein supply quantity (g/capita/day)","Grand Total","1982","g/capita/day","65.87"
"Food Balance Sheets","South America","Protein supply quantity (g/capita/day)","Grand Total","1983","g/capita/day","64.47"
"Food Balance Sheets","South America","Protein supply quantity (g/capita/day)","Grand Total","1984","g/capita/day","65.01"
"Food Balance Sheets","South America","Protein supply quantity (g/capita/day)","Grand Total","1985","g/capita/day","65.4"
"Food Balance Sheets","South America","Protein supply quantity (g/capita/day)","Grand Total","1986","g/capita/day","65.66"
"Food Balance Sheets","South America","Protein supply quantity (g/capita/day)","Grand Total","1987","g/capita/day","66.37"
"Food Balance Sheets","South America","Protein supply quantity (g/capita/day)","Grand Total","1988","g/capita/day","65.76"
"Food Balance Sheets","South America","Protein supply quantity (g/capita/day)","Grand Total","1989","g/capita/day","65.89"
"Food Balance Sheets","South America","Protein supply quantity (g/capita/day)","Grand Total","1990","g/capita/day","65.16"
"Food Balance Sheets","South America","Protein supply quantity (g/capita/day)","Grand Total","1991","g/capita/day","67.45"
"Food Balance Sheets","South America","Protein supply quantity (g/capita/day)","Grand Total","1992","g/capita/day","68.36"
"Food Balance Sheets","South America","Protein supply quantity (g/capita/day)","Grand Total","1993","g/capita/day","69.58"
"Food Balance Sheets","South America","Protein supply quantity (g/capita/day)","Grand Total","1994","g/capita/day","71.62"
"Food Balance Sheets","South America","Protein supply quantity (g/capita/day)","Grand Total","1995","g/capita/day","72.94"
"Food Balance Sheets","South America","Protein supply quantity (g/capita/day)","Grand Total","1996","g/capita/day","75.51"
"Food Balance Sheets","South America","Protein supply quantity (g/capita/day)","Grand Total","1997","g/capita/day","74.86"
"Food Balance Sheets","South America","Protein supply quantity (g/capita/day)","Grand Total","1998","g/capita/day","74.75"
"Food Balance Sheets","South America","Protein supply quantity (g/capita/day)","Grand Total","1999","g/capita/day","76.1"
"Food Balance Sheets","South America","Protein supply quantity (g/capita/day)","Grand Total","2000","g/capita/day","76.6"
"Food Balance Sheets","South America","Protein supply quantity (g/capita/day)","Grand Total","2001","g/capita/day","76.73"
"Food Balance Sheets","South America","Protein supply quantity (g/capita/day)","Grand Total","2002","g/capita/day","75.86"
"Food Balance Sheets","South America","Protein supply quantity (g/capita/day)","Grand Total","2003","g/capita/day","77.79"
"Food Balance Sheets","South America","Protein supply quantity (g/capita/day)","Grand Total","2004","g/capita/day","77.14"
"Food Balance Sheets","South America","Protein supply quantity (g/capita/day)","Grand Total","2005","g/capita/day","77.53"
"Food Balance Sheets","South America","Protein supply quantity (g/capita/day)","Grand Total","2006","g/capita/day","78.98"
"Food Balance Sheets","South America","Protein supply quantity (g/capita/day)","Grand Total","2007","g/capita/day","80.05"
"Food Balance Sheets","South America","Protein supply quantity (g/capita/day)","Grand Total","2008","g/capita/day","82.49"
"Food Balance Sheets","South America","Protein supply quantity (g/capita/day)","Grand Total","2009","g/capita/day","81.89"
"Food Balance Sheets","South America","Protein supply quantity (g/capita/day)","Grand Total","2010","g/capita/day","83.71"
"Food Balance Sheets","South America","Protein supply quantity (g/capita/day)","Grand Total","2011","g/capita/day","85.66"
"Food Balance Sheets","South America","Protein supply quantity (g/capita/day)","Grand Total","2012","g/capita/day","85.29"
"Food Balance Sheets","South America","Protein supply quantity (g/capita/day)","Grand Total","2013","g/capita/day","86.09"
"Food Balance Sheets","Asia","Protein supply quantity (g/capita/day)","Grand Total","1961","g/capita/day","47.44"
"Food Balance Sheets","Asia","Protein supply quantity (g/capita/day)","Grand Total","1962","g/capita/day","48.98"
"Food Balance Sheets","Asia","Protein supply quantity (g/capita/day)","Grand Total","1963","g/capita/day","49.1"
"Food Balance Sheets","Asia","Protein supply quantity (g/capita/day)","Grand Total","1964","g/capita/day","49.95"
"Food Balance Sheets","Asia","Protein supply quantity (g/capita/day)","Grand Total","1965","g/capita/day","50.4"
"Food Balance Sheets","Asia","Protein supply quantity (g/capita/day)","Grand Total","1966","g/capita/day","50.72"
"Food Balance Sheets","Asia","Protein supply quantity (g/capita/day)","Grand Total","1967","g/capita/day","50.59"
"Food Balance Sheets","Asia","Protein supply quantity (g/capita/day)","Grand Total","1968","g/capita/day","50.54"
"Food Balance Sheets","Asia","Protein supply quantity (g/capita/day)","Grand Total","1969","g/capita/day","50.22"
"Food Balance Sheets","Asia","Protein supply quantity (g/capita/day)","Grand Total","1970","g/capita/day","51.65"
"Food Balance Sheets","Asia","Protein supply quantity (g/capita/day)","Grand Total","1971","g/capita/day","51.01"
"Food Balance Sheets","Asia","Protein supply quantity (g/capita/day)","Grand Total","1972","g/capita/day","50.95"
"Food Balance Sheets","Asia","Protein supply quantity (g/capita/day)","Grand Total","1973","g/capita/day","52.3"
"Food Balance Sheets","Asia","Protein supply quantity (g/capita/day)","Grand Total","1974","g/capita/day","51.33"
"Food Balance Sheets","Asia","Protein supply quantity (g/capita/day)","Grand Total","1975","g/capita/day","52.19"
"Food Balance Sheets","Asia","Protein supply quantity (g/capita/day)","Grand Total","1976","g/capita/day","51.44"
"Food Balance Sheets","Asia","Protein supply quantity (g/capita/day)","Grand Total","1977","g/capita/day","52.54"
"Food Balance Sheets","Asia","Protein supply quantity (g/capita/day)","Grand Total","1978","g/capita/day","54.68"
"Food Balance Sheets","Asia","Protein supply quantity (g/capita/day)","Grand Total","1979","g/capita/day","54.45"
"Food Balance Sheets","Asia","Protein supply quantity (g/capita/day)","Grand Total","1980","g/capita/day","54.57"
"Food Balance Sheets","Asia","Protein supply quantity (g/capita/day)","Grand Total","1981","g/capita/day","55.8"
"Food Balance Sheets","Asia","Protein supply quantity (g/capita/day)","Grand Total","1982","g/capita/day","56.77"
"Food Balance Sheets","Asia","Protein supply quantity (g/capita/day)","Grand Total","1983","g/capita/day","59.18"
"Food Balance Sheets","Asia","Protein supply quantity (g/capita/day)","Grand Total","1984","g/capita/day","59.44"
"Food Balance Sheets","Asia","Protein supply quantity (g/capita/day)","Grand Total","1985","g/capita/day","59.24"
"Food Balance Sheets","Asia","Protein supply quantity (g/capita/day)","Grand Total","1986","g/capita/day","59.93"
"Food Balance Sheets","Asia","Protein supply quantity (g/capita/day)","Grand Total","1987","g/capita/day","60.39"
"Food Balance Sheets","Asia","Protein supply quantity (g/capita/day)","Grand Total","1988","g/capita/day","61.21"
"Food Balance Sheets","Asia","Protein supply quantity (g/capita/day)","Grand Total","1989","g/capita/day","61.86"
"Food Balance Sheets","Asia","Protein supply quantity (g/capita/day)","Grand Total","1990","g/capita/day","61.17"
"Food Balance Sheets","Asia","Protein supply quantity (g/capita/day)","Grand Total","1991","g/capita/day","61.16"
"Food Balance Sheets","Asia","Protein supply quantity (g/capita/day)","Grand Total","1992","g/capita/day","62.75"
"Food Balance Sheets","Asia","Protein supply quantity (g/capita/day)","Grand Total","1993","g/capita/day","64"
"Food Balance Sheets","Asia","Protein supply quantity (g/capita/day)","Grand Total","1994","g/capita/day","65.53"
"Food Balance Sheets","Asia","Protein supply quantity (g/capita/day)","Grand Total","1995","g/capita/day","66.69"
"Food Balance Sheets","Asia","Protein supply quantity (g/capita/day)","Grand Total","1996","g/capita/day","67.24"
"Food Balance Sheets","Asia","Protein supply quantity (g/capita/day)","Grand Total","1997","g/capita/day","67.71"
"Food Balance Sheets","Asia","Protein supply quantity (g/capita/day)","Grand Total","1998","g/capita/day","68.04"
"Food Balance Sheets","Asia","Protein supply quantity (g/capita/day)","Grand Total","1999","g/capita/day","68.77"
"Food Balance Sheets","Asia","Protein supply quantity (g/capita/day)","Grand Total","2000","g/capita/day","69.67"
"Food Balance Sheets","Asia","Protein supply quantity (g/capita/day)","Grand Total","2001","g/capita/day","69.29"
"Food Balance Sheets","Asia","Protein supply quantity (g/capita/day)","Grand Total","2002","g/capita/day","69.14"
"Food Balance Sheets","Asia","Protein supply quantity (g/capita/day)","Grand Total","2003","g/capita/day","69.51"
"Food Balance Sheets","Asia","Protein supply quantity (g/capita/day)","Grand Total","2004","g/capita/day","69.84"
"Food Balance Sheets","Asia","Protein supply quantity (g/capita/day)","Grand Total","2005","g/capita/day","70.24"
"Food Balance Sheets","Asia","Protein supply quantity (g/capita/day)","Grand Total","2006","g/capita/day","71.02"
"Food Balance Sheets","Asia","Protein supply quantity (g/capita/day)","Grand Total","2007","g/capita/day","72.75"
"Food Balance Sheets","Asia","Protein supply quantity (g/capita/day)","Grand Total","2008","g/capita/day","73.64"
"Food Balance Sheets","Asia","Protein supply quantity (g/capita/day)","Grand Total","2009","g/capita/day","74.12"
"Food Balance Sheets","Asia","Protein supply quantity (g/capita/day)","Grand Total","2010","g/capita/day","75.79"
"Food Balance Sheets","Asia","Protein supply quantity (g/capita/day)","Grand Total","2011","g/capita/day","76.39"
"Food Balance Sheets","Asia","Protein supply quantity (g/capita/day)","Grand Total","2012","g/capita/day","76.88"
"Food Balance Sheets","Asia","Protein supply quantity (g/capita/day)","Grand Total","2013","g/capita/day","77.57"
"Food Balance Sheets","Europe","Protein supply quantity (g/capita/day)","Grand Total","1961","g/capita/day","90.39"
"Food Balance Sheets","Europe","Protein supply quantity (g/capita/day)","Grand Total","1962","g/capita/day","91.78"
"Food Balance Sheets","Europe","Protein supply quantity (g/capita/day)","Grand Total","1963","g/capita/day","92.63"
"Food Balance Sheets","Europe","Protein supply quantity (g/capita/day)","Grand Total","1964","g/capita/day","92.09"
"Food Balance Sheets","Europe","Protein supply quantity (g/capita/day)","Grand Total","1965","g/capita/day","92.42"
"Food Balance Sheets","Europe","Protein supply quantity (g/capita/day)","Grand Total","1966","g/capita/day","92.95"
"Food Balance Sheets","Europe","Protein supply quantity (g/capita/day)","Grand Total","1967","g/capita/day","94"
"Food Balance Sheets","Europe","Protein supply quantity (g/capita/day)","Grand Total","1968","g/capita/day","94.74"
"Food Balance Sheets","Europe","Protein supply quantity (g/capita/day)","Grand Total","1969","g/capita/day","95.16"
"Food Balance Sheets","Europe","Protein supply quantity (g/capita/day)","Grand Total","1970","g/capita/day","96.38"
"Food Balance Sheets","Europe","Protein supply quantity (g/capita/day)","Grand Total","1971","g/capita/day","96.41"
"Food Balance Sheets","Europe","Protein supply quantity (g/capita/day)","Grand Total","1972","g/capita/day","96.81"
"Food Balance Sheets","Europe","Protein supply quantity (g/capita/day)","Grand Total","1973","g/capita/day","97.53"
"Food Balance Sheets","Europe","Protein supply quantity (g/capita/day)","Grand Total","1974","g/capita/day","98.94"
"Food Balance Sheets","Europe","Protein supply quantity (g/capita/day)","Grand Total","1975","g/capita/day","99.35"
"Food Balance Sheets","Europe","Protein supply quantity (g/capita/day)","Grand Total","1976","g/capita/day","99.45"
"Food Balance Sheets","Europe","Protein supply quantity (g/capita/day)","Grand Total","1977","g/capita/day","99.27"
"Food Balance Sheets","Europe","Protein supply quantity (g/capita/day)","Grand Total","1978","g/capita/day","100.66"
"Food Balance Sheets","Europe","Protein supply quantity (g/capita/day)","Grand Total","1979","g/capita/day","101.4"
"Food Balance Sheets","Europe","Protein supply quantity (g/capita/day)","Grand Total","1980","g/capita/day","101.33"
"Food Balance Sheets","Europe","Protein supply quantity (g/capita/day)","Grand Total","1981","g/capita/day","100.56"
"Food Balance Sheets","Europe","Protein supply quantity (g/capita/day)","Grand Total","1982","g/capita/day","100.18"
"Food Balance Sheets","Europe","Protein supply quantity (g/capita/day)","Grand Total","1983","g/capita/day","100.44"
"Food Balance Sheets","Europe","Protein supply quantity (g/capita/day)","Grand Total","1984","g/capita/day","101.76"
"Food Balance Sheets","Europe","Protein supply quantity (g/capita/day)","Grand Total","1985","g/capita/day","102.99"
"Food Balance Sheets","Europe","Protein supply quantity (g/capita/day)","Grand Total","1986","g/capita/day","103.42"
"Food Balance Sheets","Europe","Protein supply quantity (g/capita/day)","Grand Total","1987","g/capita/day","104.13"
"Food Balance Sheets","Europe","Protein supply quantity (g/capita/day)","Grand Total","1988","g/capita/day","104.45"
"Food Balance Sheets","Europe","Protein supply quantity (g/capita/day)","Grand Total","1989","g/capita/day","104.06"
"Food Balance Sheets","Europe","Protein supply quantity (g/capita/day)","Grand Total","1990","g/capita/day","104.17"
"Food Balance Sheets","Europe","Protein supply quantity (g/capita/day)","Grand Total","1991","g/capita/day","101.35"
"Food Balance Sheets","Europe","Protein supply quantity (g/capita/day)","Grand Total","1992","g/capita/day","97.55"
"Food Balance Sheets","Europe","Protein supply quantity (g/capita/day)","Grand Total","1993","g/capita/day","96.53"
"Food Balance Sheets","Europe","Protein supply quantity (g/capita/day)","Grand Total","1994","g/capita/day","96.05"
"Food Balance Sheets","Europe","Protein supply quantity (g/capita/day)","Grand Total","1995","g/capita/day","95.95"
"Food Balance Sheets","Europe","Protein supply quantity (g/capita/day)","Grand Total","1996","g/capita/day","95.77"
"Food Balance Sheets","Europe","Protein supply quantity (g/capita/day)","Grand Total","1997","g/capita/day","96.04"
"Food Balance Sheets","Europe","Protein supply quantity (g/capita/day)","Grand Total","1998","g/capita/day","97.94"
"Food Balance Sheets","Europe","Protein supply quantity (g/capita/day)","Grand Total","1999","g/capita/day","97.35"
"Food Balance Sheets","Europe","Protein supply quantity (g/capita/day)","Grand Total","2000","g/capita/day","96.93"
"Food Balance Sheets","Europe","Protein supply quantity (g/capita/day)","Grand Total","2001","g/capita/day","98.37"
"Food Balance Sheets","Europe","Protein supply quantity (g/capita/day)","Grand Total","2002","g/capita/day","99.48"
"Food Balance Sheets","Europe","Protein supply quantity (g/capita/day)","Grand Total","2003","g/capita/day","99.11"
"Food Balance Sheets","Europe","Protein supply quantity (g/capita/day)","Grand Total","2004","g/capita/day","99.44"
"Food Balance Sheets","Europe","Protein supply quantity (g/capita/day)","Grand Total","2005","g/capita/day","100.08"
"Food Balance Sheets","Europe","Protein supply quantity (g/capita/day)","Grand Total","2006","g/capita/day","100.78"
"Food Balance Sheets","Europe","Protein supply quantity (g/capita/day)","Grand Total","2007","g/capita/day","101.93"
"Food Balance Sheets","Europe","Protein supply quantity (g/capita/day)","Grand Total","2008","g/capita/day","102.03"
"Food Balance Sheets","Europe","Protein supply quantity (g/capita/day)","Grand Total","2009","g/capita/day","101.92"
"Food Balance Sheets","Europe","Protein supply quantity (g/capita/day)","Grand Total","2010","g/capita/day","102.05"
"Food Balance Sheets","Europe","Protein supply quantity (g/capita/day)","Grand Total","2011","g/capita/day","102.08"
"Food Balance Sheets","Europe","Protein supply quantity (g/capita/day)","Grand Total","2012","g/capita/day","102.15"
"Food Balance Sheets","Europe","Protein supply quantity (g/capita/day)","Grand Total","2013","g/capita/day","102.06"
"Food Balance Sheets","Oceania","Protein supply quantity (g/capita/day)","Grand Total","1961","g/capita/day","100.07"
"Food Balance Sheets","Oceania","Protein supply quantity (g/capita/day)","Grand Total","1962","g/capita/day","102.84"
"Food Balance Sheets","Oceania","Protein supply quantity (g/capita/day)","Grand Total","1963","g/capita/day","103.77"
"Food Balance Sheets","Oceania","Protein supply quantity (g/capita/day)","Grand Total","1964","g/capita/day","104.34"
"Food Balance Sheets","Oceania","Protein supply quantity (g/capita/day)","Grand Total","1965","g/capita/day","101.93"
"Food Balance Sheets","Oceania","Protein supply quantity (g/capita/day)","Grand Total","1966","g/capita/day","105.02"
"Food Balance Sheets","Oceania","Protein supply quantity (g/capita/day)","Grand Total","1967","g/capita/day","100.29"
"Food Balance Sheets","Oceania","Protein supply quantity (g/capita/day)","Grand Total","1968","g/capita/day","101.68"
"Food Balance Sheets","Oceania","Protein supply quantity (g/capita/day)","Grand Total","1969","g/capita/day","102.01"
"Food Balance Sheets","Oceania","Protein supply quantity (g/capita/day)","Grand Total","1970","g/capita/day","100.71"
"Food Balance Sheets","Oceania","Protein supply quantity (g/capita/day)","Grand Total","1971","g/capita/day","103.51"
"Food Balance Sheets","Oceania","Protein supply quantity (g/capita/day)","Grand Total","1972","g/capita/day","104.59"
"Food Balance Sheets","Oceania","Protein supply quantity (g/capita/day)","Grand Total","1973","g/capita/day","102.08"
"Food Balance Sheets","Oceania","Protein supply quantity (g/capita/day)","Grand Total","1974","g/capita/day","97.67"
"Food Balance Sheets","Oceania","Protein supply quantity (g/capita/day)","Grand Total","1975","g/capita/day","107.92"
"Food Balance Sheets","Oceania","Protein supply quantity (g/capita/day)","Grand Total","1976","g/capita/day","109.44"
"Food Balance Sheets","Oceania","Protein supply quantity (g/capita/day)","Grand Total","1977","g/capita/day","105.36"
"Food Balance Sheets","Oceania","Protein supply quantity (g/capita/day)","Grand Total","1978","g/capita/day","106.68"
"Food Balance Sheets","Oceania","Protein supply quantity (g/capita/day)","Grand Total","1979","g/capita/day","100.52"
"Food Balance Sheets","Oceania","Protein supply quantity (g/capita/day)","Grand Total","1980","g/capita/day","99.6"
"Food Balance Sheets","Oceania","Protein supply quantity (g/capita/day)","Grand Total","1981","g/capita/day","99.17"
"Food Balance Sheets","Oceania","Protein supply quantity (g/capita/day)","Grand Total","1982","g/capita/day","102.75"
"Food Balance Sheets","Oceania","Protein supply quantity (g/capita/day)","Grand Total","1983","g/capita/day","98.89"
"Food Balance Sheets","Oceania","Protein supply quantity (g/capita/day)","Grand Total","1984","g/capita/day","101.73"
"Food Balance Sheets","Oceania","Protein supply quantity (g/capita/day)","Grand Total","1985","g/capita/day","102.8"
"Food Balance Sheets","Oceania","Protein supply quantity (g/capita/day)","Grand Total","1986","g/capita/day","102.43"
"Food Balance Sheets","Oceania","Protein supply quantity (g/capita/day)","Grand Total","1987","g/capita/day","103.61"
"Food Balance Sheets","Oceania","Protein supply quantity (g/capita/day)","Grand Total","1988","g/capita/day","103.08"
"Food Balance Sheets","Oceania","Protein supply quantity (g/capita/day)","Grand Total","1989","g/capita/day","102.09"
"Food Balance Sheets","Oceania","Protein supply quantity (g/capita/day)","Grand Total","1990","g/capita/day","105.23"
"Food Balance Sheets","Oceania","Protein supply quantity (g/capita/day)","Grand Total","1991","g/capita/day","102.09"
"Food Balance Sheets","Oceania","Protein supply quantity (g/capita/day)","Grand Total","1992","g/capita/day","99.78"
"Food Balance Sheets","Oceania","Protein supply quantity (g/capita/day)","Grand Total","1993","g/capita/day","99.79"
"Food Balance Sheets","Oceania","Protein supply quantity (g/capita/day)","Grand Total","1994","g/capita/day","100.73"
"Food Balance Sheets","Oceania","Protein supply quantity (g/capita/day)","Grand Total","1995","g/capita/day","104.25"
"Food Balance Sheets","Oceania","Protein supply quantity (g/capita/day)","Grand Total","1996","g/capita/day","101.44"
"Food Balance Sheets","Oceania","Protein supply quantity (g/capita/day)","Grand Total","1997","g/capita/day","100.17"
"Food Balance Sheets","Oceania","Protein supply quantity (g/capita/day)","Grand Total","1998","g/capita/day","97.7"
"Food Balance Sheets","Oceania","Protein supply quantity (g/capita/day)","Grand Total","1999","g/capita/day","97.47"
"Food Balance Sheets","Oceania","Protein supply quantity (g/capita/day)","Grand Total","2000","g/capita/day","96.7"
"Food Balance Sheets","Oceania","Protein supply quantity (g/capita/day)","Grand Total","2001","g/capita/day","96.77"
"Food Balance Sheets","Oceania","Protein supply quantity (g/capita/day)","Grand Total","2002","g/capita/day","99.93"
"Food Balance Sheets","Oceania","Protein supply quantity (g/capita/day)","Grand Total","2003","g/capita/day","103.82"
"Food Balance Sheets","Oceania","Protein supply quantity (g/capita/day)","Grand Total","2004","g/capita/day","97.87"
"Food Balance Sheets","Oceania","Protein supply quantity (g/capita/day)","Grand Total","2005","g/capita/day","100.36"
"Food Balance Sheets","Oceania","Protein supply quantity (g/capita/day)","Grand Total","2006","g/capita/day","100.38"
"Food Balance Sheets","Oceania","Protein supply quantity (g/capita/day)","Grand Total","2007","g/capita/day","103.32"
"Food Balance Sheets","Oceania","Protein supply quantity (g/capita/day)","Grand Total","2008","g/capita/day","101.85"
"Food Balance Sheets","Oceania","Protein supply quantity (g/capita/day)","Grand Total","2009","g/capita/day","99.07"
"Food Balance Sheets","Oceania","Protein supply quantity (g/capita/day)","Grand Total","2010","g/capita/day","99.24"
"Food Balance Sheets","Oceania","Protein supply quantity (g/capita/day)","Grand Total","2011","g/capita/day","102.47"
"Food Balance Sheets","Oceania","Protein supply quantity (g/capita/day)","Grand Total","2012","g/capita/day","100.27"
"Food Balance Sheets","Oceania","Protein supply quantity (g/capita/day)","Grand Total","2013","g/capita/day","101.58"
